<?xml version="1.0" encoding="utf-8" ?>
<kml xmlns="http://www.opengis.net/kml/2.2">
<Document id="root_doc">
<Schema name="electoral_areas" id="electoral_areas">
	<SimpleField name="Id" type="float"></SimpleField>
	<SimpleField name="CAPTION" type="string"></SimpleField>
	<SimpleField name="Area_SQKM" type="float"></SimpleField>
	<SimpleField name="Area_Ha" type="float"></SimpleField>
	<SimpleField name="area_1" type="float"></SimpleField>
</Schema>
<Folder><name>electoral_areas</name>
  <Placemark>
	<Style><LineStyle><color>ff0000ff</color></LineStyle><PolyStyle><fill>0</fill></PolyStyle></Style>
	<ExtendedData><SchemaData schemaUrl="#electoral_areas">
		<SimpleData name="Id">0</SimpleData>
		<SimpleData name="CAPTION">FISE</SimpleData>
		<SimpleData name="Area_SQKM">5.93401779560</SimpleData>
		<SimpleData name="Area_Ha">968.11480209800</SimpleData>
		<SimpleData name="area_1">2392.26377476000</SimpleData>
	</SchemaData></ExtendedData>
      <MultiGeometry><Polygon><outerBoundaryIs><LinearRing><coordinates>-0.287876103791198,5.69220825320716 -0.288788753917656,5.69120083456953 -0.289515087568893,5.69026759152281 -0.29019271882089,5.68956130584046 -0.290534577839135,5.68918993280811 -0.291016329959576,5.68876183511294 -0.29173082306444,5.68832765713855 -0.291978338438046,5.68822481548263 -0.292193145945582,5.68822582421742 -0.292627804845474,5.68821841546747 -0.292992877744997,5.68834625501815 -0.293389541314744,5.68845331670259 -0.29350564527769,5.68853288098307 -0.293739827562248,5.68885675196073 -0.294011830340511,5.6893870158478 -0.294207158373859,5.68972564769141 -0.294508808400241,5.68965832493078 -0.295013668524503,5.6895202283353 -0.295088979895599,5.68946759923407 -0.29527394996583,5.6894182580326 -0.295649812786601,5.68927800142186 -0.295897914497981,5.68915196889952 -0.295764734803323,5.68892121952033 -0.295554320784703,5.68861838072984 -0.29525777817152,5.68823145629008 -0.295014993756722,5.68783282951578 -0.294919045185135,5.68749809158058 -0.294809645339602,5.68708470859587 -0.295515090285367,5.68696131651583 -0.296224706719796,5.6868643415024 -0.297149228579588,5.68671910909085 -0.297824031207639,5.68661857224442 -0.298352070923275,5.68655492985275 -0.298462424177482,5.68650242174274 -0.299167293018728,5.68641271315481 -0.299879816529497,5.68629292619902 -0.300235242662311,5.68623529510257 -0.300617222124818,5.68621604266533 -0.301056829048373,5.68614266819256 -0.301139877014122,5.6862637281602 -0.301124554291676,5.68662224239267 -0.301280363967049,5.68711908672032 -0.301402685614413,5.68711965906587 -0.301817508326083,5.68701855126187 -0.301778516400766,5.68678118977131 -0.302048073223046,5.68671167949879 -0.302848421154635,5.68649641424731 -0.303462465757034,5.68636061168708 -0.303498144711233,5.68638707861192 -0.303572739071808,5.68676997477655 -0.303625681702606,5.687159177878 -0.303795737321688,5.68799157367128 -0.303972131579941,5.68871024287127 -0.304399392118201,5.68848492870857 -0.305211855797397,5.68813520218269 -0.305972375669954,5.68781119879345 -0.306985198083731,5.68733791114193 -0.30812135579241,5.68690490701931 -0.308815314219033,5.68673659873894 -0.308880938638978,5.68596941576417 -0.309039668705744,5.68519788508164 -0.309314752721454,5.68519731506198 -0.309744071724226,5.68526387229289 -0.309822604492799,5.6845433719187 -0.309921064289434,5.6833866188363 -0.309998207788856,5.68270795305561 -0.310010460984258,5.68251075807409 -0.31061931795709,5.68215507438228 -0.31057828503698,5.68199648373503 -0.31062646426001,5.68190107076759 -0.310731370644509,5.68179695604066 -0.311008942561073,5.68177433965419 -0.311572237699332,5.68171055428803 -0.312163281853067,5.68151040354777 -0.312569415049531,5.68129198626105 -0.31274776213372,5.6809970125943 -0.312818652617622,5.68063631060414 -0.313327090762873,5.68062612413597 -0.313675892330018,5.68019522565353 -0.313750607508144,5.68014201612865 -0.314214238024075,5.67964281675999 -0.31473857527124,5.67997793636452 -0.314997341691534,5.68027834327932 -0.315497028441631,5.68095946394892 -0.315607078530128,5.68114089787189 -0.315729025958914,5.68131935745983 -0.315904511208177,5.68162571304482 -0.316029432873824,5.68186068489372 -0.316044304545602,5.68225924455703 -0.316079996464702,5.68316938840496 -0.316062150454252,5.68388322675655 -0.316272732798332,5.69685009943332 -0.316938604130191,5.69713347656203 -0.316791474160989,5.69756296932587 -0.31643977004228,5.69758238176268 -0.316459833858229,5.69863686794036 -0.316395588411058,5.69874406265871 -0.316398387258811,5.69952650049111 -0.316390059081375,5.70055006528081 -0.316419183395392,5.70145332001851 -0.317072188148053,5.70146664194162 -0.317073783896135,5.70244152300426 -0.317740816690631,5.70245340442063 -0.319903151879665,5.7024355584632 -0.320003644921372,5.70315193266351 -0.319955820199712,5.70407593076361 -0.322466488662079,5.70410846997759 -0.323398543401781,5.70406534222254 -0.32347920708345,5.70575583029846 -0.323431855813422,5.70628062041933 -0.323608887756574,5.70664277439569 -0.323539883331326,5.70685454639152 -0.323787089513657,5.70712086760244 -0.323551522935309,5.70750634027348 -0.322894791676024,5.70817734828228 -0.321253855905612,5.70939174588038 -0.319750036545955,5.71080950803663 -0.319101633362359,5.7114162705364 -0.318637638436687,5.71183862487651 -0.317959492098692,5.71173749779332 -0.316591301995053,5.71224908197829 -0.316089434043775,5.71172381587514 -0.315753371885613,5.71133077685671 -0.315301274294508,5.71158062026221 -0.31512876337164,5.71147354451697 -0.314613848009903,5.71097611819376 -0.314159215308236,5.71053789250777 -0.313564350046687,5.71006437984385 -0.31340968503749,5.70995492458653 -0.312850511694966,5.71012376723576 -0.312739866782469,5.7097490020531 -0.313000417791377,5.70955983498055 -0.313867731292998,5.70912439354633 -0.313878911820622,5.70903193992115 -0.313679037096123,5.70854272273846 -0.313362092890117,5.7071459791279 -0.313176494931698,5.70630364993184 -0.313000417791377,5.70561825774331 -0.311867199427495,5.70623394334684 -0.311043311089163,5.70659383675574 -0.309440149231277,5.70723331693796 -0.308077907790529,5.70776572136662 -0.307706391683289,5.70790566171178 -0.307342334149311,5.70708474766486 -0.307028245296627,5.7064589494203 -0.306476210343252,5.70577604411164 -0.306151183173844,5.70542992647681 -0.306931127543579,5.70482982018791 -0.306501634779709,5.70422900635441 -0.306007896605166,5.7042646982735 -0.305918666858388,5.70418736576878 -0.305799693768256,5.70259312691626 -0.305097752749698,5.69967828711366 -0.305181033928132,5.69956823712338 -0.305823547864448,5.69934730412913 -0.305634618682852,5.69882762985791 -0.30560870164177,5.69877276496464 -0.305113516766764,5.69871650906129 -0.304976221782114,5.69871781776231 -0.304844875569537,5.69876064800319 -0.304512226958316,5.69886201307577 -0.304353516902414,5.69891745453043 -0.304273804894104,5.69894243886288 -0.304159590811383,5.69897456151727 -0.304014443635179,5.69901263294366 -0.303951387974543,5.69889722911086 -0.303862393915536,5.69870150971211 -0.30384366382053,5.69861850517197 -0.303797993226209,5.69847263823975 -0.303775628338121,5.69841138783748 -0.303738979605183,5.69833907058982 -0.303695046041629,5.69828340568692 -0.303600823321797,5.69816281312147 -0.303441785796789,5.697977251846 -0.303254400457031,5.69779255324822 -0.303223503825165,5.69769281552101 -0.303206107443423,5.69751422037164 -0.303133232364132,5.69653754837116 -0.302519767604819,5.69659462573746 -0.302522328963919,5.69679966245284 -0.302395119354297,5.69724346953709 -0.302232303792869,5.69739746682831 -0.302126905448668,5.69749682225284 -0.30195470579637,5.69768950888817 -0.301811580208522,5.69790058646314 -0.301599703261552,5.69818219211804 -0.30135893748668,5.69805180086022 -0.301155007768855,5.69794056985839 -0.300981138271032,5.69785565808694 -0.300619127381033,5.69824358221194 -0.299825577135648,5.69866902983981 -0.299738012970511,5.6986956798031 -0.299585727466125,5.69841585518876 -0.29947205349539,5.69835377281167 -0.299388466028465,5.69838051915922 -0.299239658638513,5.69840777396881 -0.299144480119945,5.69844394176824 -0.298969351807348,5.69849533807787 -0.298914148345738,5.69843442393886 -0.298895112679827,5.69837922037537 -0.298855137731908,5.69829927057056 -0.298803741320526,5.69821551351542 -0.298752735438782,5.69811259418917 -0.298709274026713,5.69805397557483 -0.298432545398925,5.69773391056871 -0.298078098644388,5.69734566570314 -0.296081675075571,5.6990848954664 -0.295562952572265,5.69951319847664 -0.295305970820551,5.69970831421944 -0.294803904468639,5.70011401240472 -0.294330075045813,5.70061494734893 -0.292539133483878,5.69872476406453 -0.291695138676971,5.69785352435782 -0.291024118359188,5.69681881403321 -0.290297205419012,5.69549190932575 -0.289787932674766,5.69448674411954 -0.289087249385521,5.69352861606584 -0.288887797106327,5.69329934261116 -0.288101373929987,5.69244586142932 -0.288096203968287,5.69244025061899 -0.287876103791198,5.69220825320716</coordinates></LinearRing></outerBoundaryIs></Polygon></MultiGeometry>
  </Placemark>
  <Placemark>
	<Style><LineStyle><color>ff0000ff</color></LineStyle><PolyStyle><fill>0</fill></PolyStyle></Style>
	<ExtendedData><SchemaData schemaUrl="#electoral_areas">
		<SimpleData name="Id">0</SimpleData>
		<SimpleData name="CAPTION">ASOFAN</SimpleData>
		<SimpleData name="Area_SQKM">5.92174526088</SimpleData>
		<SimpleData name="Area_Ha">1371.64334760000</SimpleData>
		<SimpleData name="area_1">3389.40452646000</SimpleData>
	</SchemaData></ExtendedData>
      <MultiGeometry><Polygon><outerBoundaryIs><LinearRing><coordinates>-0.271960597614322,5.66219859179532 -0.271704123375216,5.65889416169368 -0.271490308872492,5.65889766763135 -0.270983181184538,5.65890598276942 -0.270703981301171,5.65891576584166 -0.270409392439355,5.65891539043703 -0.270332570273158,5.6589152925152 -0.270387605289143,5.65786822731728 -0.270406007422852,5.65769147304653 -0.270491537177663,5.65686995203189 -0.270639520784089,5.65575298889216 -0.270794762645683,5.65496878948387 -0.270963127548236,5.65411829920758 -0.271220505912272,5.65322552538399 -0.272350749937544,5.65110304619142 -0.272679115519814,5.65061763619069 -0.274242421370026,5.64906146866251 -0.274966974085781,5.64724102990274 -0.275384562735487,5.64619183870664 -0.275473218867529,5.64576657043642 -0.27553446873002,5.64547276555803 -0.275514220918675,5.64507793299688 -0.27546308489189,5.64408078087192 -0.275567781141708,5.64324321061204 -0.275670125379958,5.64305623534515 -0.275936769964374,5.6425690963836 -0.275938977063262,5.64256506417937 -0.276378473461265,5.64199273439933 -0.276943595473883,5.64124270850869 -0.277765114829679,5.64052558322158 -0.277961849920523,5.64072465439006 -0.278377665524807,5.64117294343001 -0.279039007895983,5.64190796591768 -0.279586543158033,5.64260953508393 -0.27986156926687,5.64291169028426 -0.280441389841692,5.64353737123944 -0.280794339043043,5.64379841154472 -0.281467791215663,5.64436198204391 -0.281930875543185,5.64475320809444 -0.282472055446559,5.64505656970678 -0.282522092308718,5.64513632465108 -0.282737031079484,5.64531906906731 -0.282880815032828,5.64522285530647 -0.283111620779392,5.64533334115995 -0.283287350803846,5.64539393505812 -0.283513976246592,5.64541591502079 -0.283722563333039,5.64546769663418 -0.284100789073677,5.64560694090075 -0.284550876388483,5.64568973734645 -0.284834071704874,5.64573589017201 -0.285313894106406,5.64583974537688 -0.285736994224993,5.64595230106919 -0.286204981862212,5.64603518010563 -0.286723948623957,5.64606151327717 -0.287374065621901,5.64611236739156 -0.288216581600402,5.64623225954562 -0.288939913975736,5.64625042598286 -0.288971908860516,5.64591774630747 -0.289580150945183,5.64599231150206 -0.28991412376454,5.64602554908649 -0.290325624231112,5.64606691856285 -0.290388915370574,5.64554360699416 -0.29041209449083,5.64517790760406 -0.290402888148407,5.64484792064675 -0.290769124897095,5.64469170958942 -0.290812316401818,5.64464170209109 -0.290582914634653,5.64408690018874 -0.290573870280569,5.64403019370967 -0.291647659293962,5.64355701911954 -0.292541106237756,5.64311647426233 -0.293412440907247,5.64281210598077 -0.293535306138809,5.64333628629451 -0.293584985867305,5.64343095839482 -0.293961480654929,5.64330121176199 -0.294403509003071,5.64319269031896 -0.295015788370658,5.64304013134051 -0.295164918540762,5.64304740039021 -0.295085986109718,5.64398546440048 -0.295044908700595,5.64448019110571 -0.2953644216597,5.6445438420503 -0.295612448308884,5.64458325104279 -0.295753284131396,5.64457792925346 -0.295781590445174,5.64464978826962 -0.295528138718697,5.64526546306014 -0.295430084808839,5.64556626107181 -0.295329538776486,5.64588976104166 -0.295183637127736,5.6464724632552 -0.295083228988551,5.64710286289187 -0.29486946898766,5.64873379615009 -0.295731192637889,5.64878460088686 -0.296284416940604,5.64888759552286 -0.297038359960318,5.64893892415024 -0.297792281402054,5.64899503358311 -0.297956564583853,5.64900889459968 -0.297943143412806,5.64946555013045 -0.297970231497445,5.65005742720601 -0.297994716264569,5.65049477574248 -0.298222198057784,5.65161956400204 -0.29840187584337,5.65227084858645 -0.298400421903373,5.65281443599151 -0.298611402270148,5.65299473689281 -0.299169152265129,5.65366678978978 -0.299522651296905,5.653994197726 -0.299715621868067,5.6541983239044 -0.299899517959594,5.65442930565166 -0.300064696589189,5.65483653040102 -0.30028494971651,5.65559069458441 -0.300499472090098,5.65629402525953 -0.300397915304568,5.65632045027933 -0.299249583361833,5.65626429596855 -0.297550479589648,5.65621812517317 -0.294313966132609,5.65599980546255 -0.294200698859421,5.6559783565363 -0.294016944655192,5.65571748817281 -0.293693666930009,5.65594909279329 -0.293252595490591,5.65649096473453 -0.292935673500176,5.65706629053756 -0.292034048969179,5.65656596804034 -0.291870837894464,5.65701947692817 -0.291590527263256,5.65763382435485 -0.291304555381739,5.65818239516071 -0.289951935117745,5.65743346035636 -0.289717244523122,5.65760450777816 -0.289356096391237,5.65776779106138 -0.288648398075431,5.65803465257882 -0.28813893374088,5.65827135876318 -0.287701223806763,5.6584749275729 -0.28772368531555,5.65877628514587 -0.287738440596511,5.6591947604009 -0.287685656654651,5.65976593667962 -0.287664255348046,5.66026075123967 -0.287673534236672,5.66082982706083 -0.286330791347904,5.66088032335122 -0.285471689933317,5.66085836731075 -0.284004436124275,5.66074031501383 -0.283666207839533,5.66187200870479 -0.283205840120546,5.66309278674992 -0.282818007491293,5.66411306970351 -0.282694561900053,5.66448188177109 -0.282729019722439,5.66476894937333 -0.282700690953249,5.66479420759486 -0.282276187208957,5.66492849543329 -0.282265834554424,5.66499873875534 -0.282782491557216,5.66628745853351 -0.283157555829199,5.66723242245701 -0.283468684448024,5.66806949677873 -0.284007204306587,5.66927703049711 -0.284384877441173,5.67043001468334 -0.284735632192073,5.67118129233481 -0.282476832076472,5.67157781390789 -0.281159058272312,5.6717972905435 -0.280413236794161,5.67192150651666 -0.279456666428415,5.67212376186211 -0.277310920695217,5.67254591327938 -0.277497470464001,5.67328100807566 -0.277033964678181,5.67337269442498 -0.276721436794149,5.67344218485977 -0.276473350435201,5.67349420771986 -0.275980344456131,5.67351743756284 -0.275899798692322,5.67313697811018 -0.275847808478098,5.67289140137209 -0.275846207696335,5.67287655774034 -0.275776524782289,5.6722304066324 -0.275716938122768,5.67167787625918 -0.275624462782943,5.67119121270233 -0.275558724413544,5.67084525603693 -0.2754136062403,5.67008155316391 -0.2752567080694,5.66925585697059 -0.275128021523852,5.668578628299 -0.274943613295864,5.66750192219398 -0.274350334351787,5.66513594480061 -0.274347362631962,5.66512685834039 -0.274205618965152,5.6646934566668 -0.272987098440977,5.66338338950519 -0.272827911123184,5.66321224213605 -0.272064104208624,5.6624448660585 -0.271960597614322,5.66219859179532</coordinates></LinearRing></outerBoundaryIs></Polygon></MultiGeometry>
  </Placemark>
  <Placemark>
	<Style><LineStyle><color>ff0000ff</color></LineStyle><PolyStyle><fill>0</fill></PolyStyle></Style>
	<ExtendedData><SchemaData schemaUrl="#electoral_areas">
		<SimpleData name="Id">0</SimpleData>
		<SimpleData name="CAPTION">ABENSU</SimpleData>
		<SimpleData name="Area_SQKM">2.57499066681</SimpleData>
		<SimpleData name="Area_Ha">779.12236862900</SimpleData>
		<SimpleData name="area_1">1925.25330110000</SimpleData>
	</SchemaData></ExtendedData>
      <MultiGeometry><Polygon><outerBoundaryIs><LinearRing><coordinates>-0.275385809186468,5.72079781098557 -0.274734749811398,5.72052268479115 -0.274021001397663,5.72109316255065 -0.272323504499421,5.7207838570699 -0.271404395415336,5.72145830899075 -0.271098166643381,5.72114471432589 -0.270887308208456,5.72087217895284 -0.270657867306174,5.72056879268989 -0.270350420698887,5.72015904317031 -0.270101653596587,5.71979762074444 -0.269955099212551,5.71963162611348 -0.269707166003682,5.7193913102397 -0.269532016002196,5.71926599334803 -0.270238030306251,5.71806692257984 -0.270836478839041,5.71701260604261 -0.271827736095248,5.71388440105907 -0.272155853128605,5.71273455072275 -0.272159907154081,5.71271977547658 -0.27217241268964,5.71272865366133 -0.272537437521471,5.71298779935041 -0.272537569215691,5.71298790625466 -0.272925692495345,5.71299112616286 -0.272937716440519,5.71299122591048 -0.272942385532895,5.71298532563227 -0.273041060697987,5.71305670956003 -0.273151439666993,5.71291073846203 -0.273532183374033,5.7123505670998 -0.273601083730398,5.71196606046371 -0.273568091385514,5.71181394532634 -0.273626413304017,5.71162015059121 -0.273608858164729,5.71161180595918 -0.273554336344988,5.71153519122189 -0.273536330997749,5.71147402102149 -0.273549148598428,5.71134274971302 -0.273519264915024,5.71121432993186 -0.273528874482318,5.71111663999155 -0.273652700650372,5.710723231271 -0.273862490267621,5.71034184115954 -0.27397485030348,5.71005621767345 -0.274079354577435,5.70975885413039 -0.274134593175854,5.70940608762844 -0.2741807188557,5.7093238420468 -0.274206021053807,5.7091315450936 -0.274258230342096,5.70905238258943 -0.274271033029276,5.70892416532057 -0.274421995791382,5.7085950236837 -0.274720538874132,5.70816063613978 -0.274830377300952,5.70799222118912 -0.274932709233994,5.70782127813477 -0.274981707453263,5.70773942771557 -0.275009454620915,5.70769307668051 -0.275024163973841,5.70766850502384 -0.275058749074875,5.70761355474169 -0.275142720669328,5.7074911946913 -0.275182687725721,5.70743295626252 -0.275260379517963,5.70731974676739 -0.275308234913579,5.70725001368444 -0.275398592266422,5.70711834826672 -0.275564163927137,5.70692366166547 -0.2756733314845,5.70684774309587 -0.275799719125525,5.70675984907204 -0.275873057291515,5.70672431869671 -0.275956003205493,5.70668413360521 -0.276065134578055,5.7066312623227 -0.276236741659138,5.70654812312732 -0.27639523972497,5.70649972797341 -0.2766267400621,5.7064356896726 -0.27692691494373,5.70637030656979 -0.277026459253593,5.70621493186151 -0.277158601754372,5.70598113474558 -0.2772361150883,5.70586786968468 -0.27732328749758,5.70570498602097 -0.277396765910763,5.7054367432215 -0.277479811160451,5.70516673970232 -0.277542707906997,5.70493857871527 -0.277586345829277,5.70485432544978 -0.277638024915974,5.70471933847533 -0.27771679156334,5.70437011346487 -0.277735851196979,5.70412943398774 -0.277731830418856,5.70402978316841 -0.277727881046927,5.70393190337893 -0.277683224190969,5.70383681041807 -0.277687862491201,5.70380972424759 -0.277724236357583,5.70377781650116 -0.277738324621989,5.7037081587109 -0.277751962737368,5.70364072631574 -0.277724771475365,5.70355177767969 -0.277701504941674,5.70334878862523 -0.277713817366741,5.70317250581754 -0.277776949936687,5.70309175669019 -0.277921996541978,5.70293893923181 -0.277995357763939,5.70280738567699 -0.278211610228638,5.70269085859799 -0.278455967309074,5.70257537924345 -0.278677383949133,5.70249058242614 -0.278819913334345,5.70235697359755 -0.279048561121341,5.70221221145652 -0.279169935620705,5.70216404358506 -0.279419077843001,5.7020739003916 -0.27961070692524,5.70198353188981 -0.279619239803235,5.70197950795 -0.279774167750513,5.70194595949351 -0.279780531013007,5.70194458157685 -0.279944153891991,5.70187467194882 -0.280250400884831,5.70171362022047 -0.280252879166246,5.70171231691988 -0.280379567372935,5.70167231874644 -0.280395270654564,5.70166736088229 -0.280608388486013,5.7014876755017 -0.280782425591685,5.70136838989492 -0.28078600750062,5.70136593484136 -0.280873170241059,5.70134375685506 -0.280888462828674,5.70133986575495 -0.281007248029478,5.70117850472073 -0.281177788927472,5.70104281605703 -0.28136065649842,5.70068244225314 -0.281338778905509,5.7005691529308 -0.281385427402885,5.70042492923368 -0.28145754475862,5.70022204429403 -0.281479155881417,5.70019488829322 -0.281525605480266,5.70013652112744 -0.281570721329792,5.70010054034399 -0.281701372633125,5.69999887923663 -0.281735854318325,5.69997230165674 -0.281738383073041,5.69997035255861 -0.28182534272868,5.69994676454021 -0.281882207547881,5.69993004293156 -0.281885077627979,5.69992919895865 -0.281946867850871,5.69990708341742 -0.281950213514567,5.69990588595967 -0.282033687397335,5.69987715586564 -0.282111109409218,5.69985100425474 -0.282126877128319,5.69984567823202 -0.282241301203997,5.69978808976721 -0.282366837536952,5.6997249086849 -0.282433639552619,5.69969128796097 -0.282456398289963,5.69967983369844 -0.282473332412304,5.69966811030889 -0.282500611192965,5.69964922561289 -0.282539054385255,5.69962183476657 -0.282656916992545,5.6995226145532 -0.282683298225749,5.69950040605074 -0.282764910324078,5.69941042767017 -0.282795512916392,5.69935021659803 -0.282805828107654,5.69932992144272 -0.282826526361066,5.69926340388307 -0.282842524047175,5.69921199274272 -0.282843468146486,5.69920538658077 -0.282857798526687,5.69910510547855 -0.282870539393592,5.69901594782739 -0.282879547656821,5.69895291014683 -0.282903138525188,5.69889738049108 -0.282925225431061,5.69884539112327 -0.282941818239106,5.69880633404948 -0.282969748619674,5.69874058978265 -0.283013108177479,5.69868553886017 -0.28307098954294,5.69861412752901 -0.283124968484601,5.69855547227924 -0.283216207072493,5.69845487585182 -0.283217466245165,5.69845348753226 -0.283326273476704,5.69842244687924 -0.283337902050972,5.69841912946452 -0.283410626114164,5.69838359843444 -0.283454706419815,5.69836206196547 -0.283579020295577,5.69828361621124 -0.283579520335726,5.69828801763425 -0.28355248797199,5.69840420097865 -0.283650075898702,5.69846204267134 -0.283666344806081,5.6985553638475 -0.28371123254037,5.69865360184446 -0.283684157148622,5.69882800847075 -0.283677531864373,5.69889089641981 -0.283871613845269,5.69929637719875 -0.284133354555846,5.70010539394069 -0.284157149165946,5.7009857945129 -0.284582409216602,5.70201536992017 -0.284835295552627,5.70265141721696 -0.284886458371868,5.70310011293807 -0.284965822168344,5.70379613152023 -0.285070092910552,5.70409051320319 -0.285120830873249,5.70423375878586 -0.285355702490799,5.70461349216202 -0.285471848570288,5.7049093797527 -0.285767524331708,5.70573176331897 -0.285908214500807,5.7063240140905 -0.285918525387359,5.70696912607236 -0.285948057045721,5.70733176782481 -0.285989334140372,5.70783864220965 -0.285956602364852,5.70813977495886 -0.285929847615261,5.7083859182411 -0.285975057374295,5.70889274343531 -0.285967918991338,5.70915686360691 -0.285942947225535,5.70930429010515 -0.285947056755221,5.70944537178564 -0.285986597194738,5.70966552008054 -0.286043104325906,5.70983075816034 -0.286040503618672,5.70987617270908 -0.286004684517934,5.70993080801634 -0.285976142243111,5.70996910958666 -0.285957468200348,5.71003753844572 -0.285953738140611,5.71012107824007 -0.285974466343334,5.71021417108927 -0.286003834504345,5.71031353160684 -0.286049740994951,5.7104599393623 -0.286126846933818,5.71050040005912 -0.285702046800846,5.71095972626678 -0.285399312701722,5.71138148216705 -0.284771009396868,5.71251179088468 -0.283816589971099,5.7144654090094 -0.283331996451268,5.71548880351038 -0.28302797114632,5.71618311034813 -0.282826088151575,5.71647623264269 -0.282429786707238,5.71699795835509 -0.281831972892055,5.71773390772596 -0.281068481868055,5.71867707666616 -0.280618995884153,5.71941900609083 -0.279983128232912,5.72033744719115 -0.279432074125947,5.72120644752015 -0.27933940398526,5.72124893045039 -0.27871268711565,5.72223694887936 -0.278284146688361,5.72265590138647 -0.277978270605727,5.72235912479153 -0.277692430750889,5.72202066516408 -0.276857863617503,5.72131909723786 -0.276137844502313,5.72095916325976 -0.275385809186468,5.72079781098557</coordinates></LinearRing></outerBoundaryIs></Polygon></MultiGeometry>
  </Placemark>
  <Placemark>
	<Style><LineStyle><color>ff0000ff</color></LineStyle><PolyStyle><fill>0</fill></PolyStyle></Style>
	<ExtendedData><SchemaData schemaUrl="#electoral_areas">
		<SimpleData name="Id">0</SimpleData>
		<SimpleData name="CAPTION">POKUASE</SimpleData>
		<SimpleData name="Area_SQKM">8.91291247762</SimpleData>
		<SimpleData name="Area_Ha">1297.10728687000</SimpleData>
		<SimpleData name="area_1">3205.22190927000</SimpleData>
	</SchemaData></ExtendedData>
      <MultiGeometry><Polygon><outerBoundaryIs><LinearRing><coordinates>-0.262333110524119,5.71352744023902 -0.261233394959491,5.71264514021146 -0.259995590407429,5.71154850431729 -0.259601442163849,5.71118730288643 -0.259295063809485,5.71087399254597 -0.258941972624858,5.71046157926398 -0.25829868170963,5.70972235029755 -0.25838979708255,5.70959435237979 -0.258394057630249,5.70933186906943 -0.258564144659291,5.70903698691196 -0.258101896056124,5.70742656946143 -0.257907942970588,5.70703943194114 -0.25802796999358,5.70650292826041 -0.257936673045203,5.70479772814297 -0.257880147840164,5.70416510734407 -0.257799389412598,5.70326127667227 -0.257891301495328,5.70293584840545 -0.257930285310497,5.70233861229005 -0.257833740063895,5.70205853146932 -0.25788553153096,5.70161425111884 -0.25783519984599,5.70142995699241 -0.257676131097228,5.70130850744654 -0.257669201701217,5.70086493389512 -0.257784278163375,5.70073573922171 -0.257690871391174,5.70010769936071 -0.258791689369046,5.69500284431991 -0.258863073238616,5.69382501114099 -0.258916611115929,5.69368224348453 -0.259192978484935,5.69371578093162 -0.259258771267126,5.69343581281308 -0.259321119503596,5.69314091612701 -0.259380606036513,5.6929029700317 -0.259404400654845,5.69265312663048 -0.259403152842924,5.6924092457172 -0.259428996129977,5.69212027450609 -0.259421520439052,5.69150158982332 -0.259356876858779,5.69086565386506 -0.259355302766023,5.69079487762496 -0.259392822195951,5.69053302057562 -0.259396656396018,5.69023590272167 -0.259414823564674,5.69008087221118 -0.259458170948469,5.68984412492435 -0.259504861000274,5.68965525909504 -0.259551169550733,5.68949596620229 -0.259578509429013,5.6894373617345 -0.259606011861831,5.68930600138003 -0.259725628018385,5.68882814312818 -0.26003495795309,5.68867347817552 -0.260277893673771,5.68856252972333 -0.260355263604203,5.6882798996747 -0.26052603277941,5.68788744908796 -0.260624968169225,5.68756495370153 -0.260795347105666,5.68717454709837 -0.260801201688698,5.68700532394105 -0.260985724195738,5.68649934270053 -0.261052042087093,5.68614562230119 -0.261120805389221,5.6858645411036 -0.261188445137698,5.68558811146226 -0.261231058609207,5.6853826106003 -0.261439569673238,5.68504994382155 -0.262047541216252,5.68398139670009 -0.262061245529894,5.68386765556032 -0.262039654013247,5.68361117502431 -0.262057499980775,5.68331374240356 -0.262029703690931,5.68286202057712 -0.261995827700184,5.68259009859852 -0.261894086051178,5.6823330831631 -0.260899588090269,5.68037119623328 -0.260899404165672,5.68037083339688 -0.261188727305997,5.68041723792112 -0.261693543850719,5.6804466223837 -0.263326575854306,5.68055787126486 -0.263327347964665,5.68055792386319 -0.263473139470224,5.68055354958428 -0.263502644288636,5.68003210673344 -0.264531494496338,5.68004855473411 -0.264533624740719,5.68004858879369 -0.264626204421903,5.67993430360788 -0.264718905228057,5.67932167348543 -0.264730384254592,5.6788029435173 -0.26494654225443,5.67763975364792 -0.265046499824412,5.67766472415608 -0.265184316164031,5.67775930479803 -0.265590540708147,5.67788113171997 -0.265833079513111,5.6779529496015 -0.265985625302879,5.67800143709322 -0.266291254438714,5.67805727929888 -0.266644788710468,5.67816009461873 -0.266981763770205,5.67821726821279 -0.267657651110669,5.67841187764555 -0.267657725564821,5.67841129170594 -0.267732882778558,5.6778198178913 -0.267887563700379,5.67779903939538 -0.268084186254956,5.67774425082697 -0.268084608152319,5.67774474326401 -0.268486069609262,5.67821332733589 -0.268487140988026,5.6782120811081 -0.26848821829413,5.67821333853359 -0.268845378678217,5.67779788912064 -0.269129273361997,5.67799945892829 -0.269464223883026,5.6781612449845 -0.269465880359484,5.6781610184315 -0.26963720164818,5.67813758713431 -0.269617735008213,5.6776242014798 -0.269658017099124,5.67753089457658 -0.270167216274201,5.67753029161339 -0.270167386059456,5.67753030515563 -0.270169364864474,5.67753030281107 -0.270722435616718,5.67757441574543 -0.271345028824429,5.67754807028066 -0.271345691460504,5.67754814445671 -0.272058578402383,5.67762794506768 -0.272191552319879,5.67803246793733 -0.272193594290225,5.67803215447455 -0.272193701012031,5.67803247913499 -0.273049414585556,5.67789857834052 -0.273065877587991,5.67800322282621 -0.273453978392754,5.67921674436044 -0.274244574079777,5.6811212137638 -0.275157994046172,5.68228509572146 -0.276726916316467,5.68363138667877 -0.280080263115402,5.68618152962641 -0.282708047415997,5.68822616294195 -0.285276464478089,5.69021074117899 -0.287102549732315,5.69161312314891 -0.287006558297647,5.69192948353426 -0.287115991145712,5.69216026421811 -0.287132982623127,5.6921960971871 -0.287250977324812,5.69247979299324 -0.287303204800089,5.69271077067611 -0.287228940977319,5.69283856607194 -0.287220714541318,5.69284095286338 -0.287127108140448,5.69286811150982 -0.286890231354396,5.69311426811261 -0.286595429539011,5.69330637374141 -0.286393012997381,5.69350737058563 -0.286152714208452,5.69399619615973 -0.285788409392539,5.69434959735734 -0.285623977051654,5.69458740940705 -0.285604595815397,5.69464475503258 -0.285576323534865,5.69470219265927 -0.285562353845285,5.69473057330594 -0.285549020665407,5.69475766082339 -0.285539035813846,5.69478224134927 -0.285535734673441,5.69478881227809 -0.285524182226014,5.69480348985922 -0.285492551425985,5.69484608391762 -0.285458832951816,5.69488651719925 -0.285424903445891,5.6949410817545 -0.285411979781929,5.69496331439801 -0.28538420087291,5.69501110258364 -0.285355104405612,5.69506115735619 -0.285324644587415,5.69511355749086 -0.285305397492168,5.69514666832953 -0.285272689704323,5.69520293562502 -0.285229608032178,5.69527837243516 -0.28520164307693,5.69532137053462 -0.285164164217107,5.6953808384657 -0.285130962405715,5.69543352019503 -0.285090852195748,5.69549692099934 -0.285055509651944,5.6955527858836 -0.285025391689622,5.69560093322901 -0.284996596467562,5.69564745973123 -0.284969862524191,5.69569321372357 -0.284937684272027,5.69576072233711 -0.284914720838999,5.69580889856098 -0.284889289102598,5.69586225300739 -0.284850258840693,5.69594279979852 -0.284817578481954,5.69601024231009 -0.284793027303868,5.69606090854115 -0.284752901188486,5.69613289928285 -0.284705379796601,5.69621815803813 -0.284672828207885,5.69628172267543 -0.284641559385581,5.69633290702371 -0.284613147329898,5.69637941496131 -0.284580756627571,5.69643243565198 -0.284552859047517,5.6964784952089 -0.284530898554551,5.69651831182693 -0.284516070588414,5.69655346382177 -0.284497026771933,5.69659861061009 -0.284476339127429,5.69664765393151 -0.284457508743972,5.69669229458603 -0.28443796498191,5.69673862631486 -0.284417420142377,5.69679377654054 -0.284395190816263,5.69686481198203 -0.284374772294303,5.69693006111669 -0.284354538428803,5.6969947198404 -0.284337571010359,5.69704906985976 -0.284311412833911,5.69713360934031 -0.284280890093997,5.69723225437365 -0.284258083915198,5.69731158724825 -0.284235806262758,5.69736152998009 -0.28421015500343,5.69741903584411 -0.284193688709759,5.69745595061773 -0.284143941529522,5.69754567539209 -0.284126783270709,5.6975766222435 -0.284097925576975,5.69762867034625 -0.284068915946782,5.69767817020143 -0.284043014031162,5.69772074997683 -0.28402453213745,5.69775113195558 -0.283989139498532,5.69780931328988 -0.283969916031646,5.6978483545494 -0.283947243629674,5.69789440006013 -0.283928718421884,5.69793202310448 -0.283894529480702,5.69800145773692 -0.283853684385196,5.69804329594268 -0.283803613469847,5.69809458420545 -0.283770023093717,5.69812899129061 -0.283745904093785,5.69815197505375 -0.283683712975689,5.69820249561909 -0.283600491218103,5.69827010019363 -0.283454574774151,5.69836195499406 -0.28341049446851,5.69838349146296 -0.283342832594671,5.69841654924339 -0.283337770405333,5.69841902249303 -0.283232766191161,5.69844897822011 -0.283217334599557,5.69845338056079 -0.283124836839015,5.69855536530772 -0.283070857897361,5.69861402055751 -0.283012976531898,5.69868543188865 -0.282969616974098,5.69874048281108 -0.282941686593538,5.69880622707789 -0.282925093785509,5.69884528415169 -0.282903006879619,5.69889727351953 -0.282879416011242,5.69895280317524 -0.282870407748007,5.69901584085578 -0.282857666881093,5.69910499850697 -0.282843336500891,5.69920527960917 -0.282842392401579,5.69921188577113 -0.282826394715459,5.69926329691147 -0.282805696462044,5.6993298144711 -0.282795381270808,5.69935010962642 -0.282764778678477,5.69941032069855 -0.28268316658015,5.69950029907909 -0.282656785346951,5.69952250758151 -0.282538922739683,5.69962172779486 -0.282500479547409,5.69964911864115 -0.282473200766744,5.69966800333716 -0.282456266644407,5.6996797267267 -0.282433507907069,5.69969118098926 -0.282366705891415,5.69972480171318 -0.282241169558488,5.69978798279543 -0.282127668570948,5.6998451066796 -0.282126745482862,5.69984557126023 -0.282033555751901,5.69987704889386 -0.2819634270139,5.6999011858486 -0.281950081869128,5.69990577898782 -0.281898766711483,5.69992414536524 -0.281884945982556,5.6999290919868 -0.281825211083281,5.69994665756834 -0.281752413482841,5.69996640409594 -0.281738251427664,5.69997024558675 -0.281701240987745,5.6999987722648 -0.281570589684438,5.70010043337212 -0.28152547383492,5.70013641415553 -0.281479024236076,5.70019478132133 -0.281457413113291,5.70022193732213 -0.281385295757539,5.7004248222617 -0.281338647260165,5.70056904595885 -0.281360524853054,5.70068233528118 -0.28117765728211,5.70104270908501 -0.281007116384137,5.70117839774867 -0.280889729448645,5.70133785934233 -0.280888331183346,5.70133975878286 -0.280798984799795,5.70136249238558 -0.280785875855319,5.70136582786924 -0.280608256840755,5.70148756852951 -0.280396126589861,5.7016664212549 -0.280395139009344,5.70166725391006 -0.280266960102691,5.70170772273386 -0.280252747521053,5.70171220994761 -0.279944022246875,5.70187456497648 -0.279790726974541,5.7019400620262 -0.279780399367928,5.70194447460454 -0.279627266149965,5.70197763442848 -0.279619108158191,5.70197940097766 -0.279418946198011,5.70207379341917 -0.279169803975768,5.70216393661264 -0.279048429476433,5.70221210448408 -0.278819781689492,5.70235686662506 -0.278677252304294,5.70249047545361 -0.278455835664289,5.70257527227088 -0.278211478583917,5.70269075162537 -0.277995226119257,5.70280727870433 -0.2779218648973,5.70293883225913 -0.27777681829203,5.70309164971747 -0.277713685722099,5.70317239884477 -0.277701373297003,5.70334868165248 -0.277724639830684,5.70355167070692 -0.27775183109265,5.70364061934296 -0.277738192977265,5.70370805173811 -0.277724104712853,5.70377770952836 -0.277687730846469,5.70380961727473 -0.277683092546243,5.70383670344526 -0.277727749402166,5.70393179640612 -0.27773169877409,5.70402967619559 -0.277735719552196,5.70412932701487 -0.277716659918521,5.704370006492 -0.277637893271129,5.70471923150242 -0.277586214184429,5.70485421847685 -0.277542576262158,5.70493847174232 -0.277479679515598,5.70516663272935 -0.277396634265888,5.70543663624845 -0.277323155852689,5.70570487904792 -0.277235983443412,5.70586776271159 -0.27715847010944,5.70598102777244 -0.277026327608726,5.70621482488836 -0.27692691494373,5.70637030656979 -0.2766267400621,5.7064356896726 -0.27639523972497,5.70649972797341 -0.276236741659138,5.70654812312732 -0.276065134578055,5.7066312623227 -0.275873057291515,5.70672431869671 -0.275799719125525,5.70675984907204 -0.2756733314845,5.70684774309587 -0.275564163927137,5.70692366166547 -0.275398592266422,5.70711834826672 -0.275308234913579,5.70725001368444 -0.275260379517963,5.70731974676739 -0.275182687725721,5.70743295626252 -0.275142720669328,5.7074911946913 -0.275058749074875,5.70761355474169 -0.275024163973841,5.70766850502384 -0.274981707453263,5.70773942771557 -0.274932709233994,5.70782127813477 -0.274830377300952,5.70799222118912 -0.274720538874132,5.70816063613978 -0.274421995791382,5.7085950236837 -0.274271033029276,5.70892416532057 -0.274258230342096,5.70905238258943 -0.274206021053807,5.7091315450936 -0.2741807188557,5.7093238420468 -0.274134593175854,5.70940608762844 -0.274079354577435,5.70975885413039 -0.273895670780153,5.71028152008039 -0.273652700650372,5.710723231271 -0.273528874482318,5.71111663999155 -0.273519264915024,5.71121432993186 -0.273549148598428,5.71134274971302 -0.273536330997749,5.71147402102149 -0.273554336344988,5.71153519122189 -0.273608858164729,5.71161180595918 -0.273626413304017,5.71162015059121 -0.273568091385514,5.71181394532634 -0.273601083730398,5.71196606046371 -0.273532183374033,5.7123505670998 -0.273151439666993,5.71291073846203 -0.273041060697987,5.71305670956003 -0.272942252067045,5.71298522907993 -0.272937584795847,5.71299111893603 -0.272537437571188,5.71298779928015 -0.272172412688997,5.71272865366225 -0.272159907150666,5.71271977547917 -0.271827604450838,5.71388429408438 -0.270836347194476,5.71701249906741 -0.270237898661722,5.71806681560448 -0.269531884357699,5.71926588637239 -0.267867308290672,5.71812978998703 -0.265842616670678,5.71651931952996 -0.262333110524119,5.71352744023902</coordinates></LinearRing></outerBoundaryIs></Polygon></MultiGeometry>
  </Placemark>
  <Placemark>
	<Style><LineStyle><color>ff0000ff</color></LineStyle><PolyStyle><fill>0</fill></PolyStyle></Style>
	<ExtendedData><SchemaData schemaUrl="#electoral_areas">
		<SimpleData name="Id">0</SimpleData>
		<SimpleData name="CAPTION">TANTRA</SimpleData>
		<SimpleData name="Area_SQKM">4.19297229232</SimpleData>
		<SimpleData name="Area_Ha">399.80541879600</SimpleData>
		<SimpleData name="area_1">987.94070524300</SimpleData>
	</SchemaData></ExtendedData>
      <MultiGeometry><Polygon><outerBoundaryIs><LinearRing><coordinates>-0.248042341825835,5.64637941271465 -0.24710324983497,5.64547366800143 -0.246589216207429,5.64475135316108 -0.245631023137908,5.64334087067705 -0.244000904078614,5.64083191499568 -0.242030885320249,5.63777327159183 -0.240130275464682,5.63478860741805 -0.240970944596933,5.63425123594059 -0.241493282132354,5.63391806664881 -0.244163213609568,5.63226540158706 -0.244905340054266,5.63179145174039 -0.245080715790557,5.6315409125175 -0.245869894709932,5.6309472332738 -0.249095368478659,5.62888874046888 -0.250204451322813,5.62828176875511 -0.250931274901881,5.62807574947025 -0.251507248483745,5.62801692999353 -0.251400257400276,5.62862597397607 -0.251353368169658,5.62892474373887 -0.251458054793346,5.62913980938948 -0.251724934778871,5.62953077262448 -0.251883746690626,5.6297610408535 -0.252063001176439,5.63000861958971 -0.25225944172842,5.63020272326425 -0.252346119883695,5.63028837028907 -0.252373710416714,5.63031563266545 -0.2527701901509,5.63065317466223 -0.252843243253374,5.63071400570936 -0.252948345741168,5.63080399401421 -0.25338052161424,5.63116386473883 -0.253543533259188,5.63128780359659 -0.254235247675767,5.6318234602265 -0.254483442259401,5.63202689461797 -0.254512176383741,5.63204843767333 -0.254576533276242,5.63209668815323 -0.254730897431049,5.63221242024023 -0.254927189174962,5.63235491131646 -0.254955261289021,5.63237482419353 -0.254997381982053,5.63240680442817 -0.255038612199727,5.63243394903952 -0.255225218450825,5.63256631802907 -0.255474262742478,5.63273942799729 -0.255855770906011,5.6330393708174 -0.256293841621587,5.63338860545979 -0.257293448784302,5.63420883328544 -0.257775972646696,5.63460304037427 -0.258429802258283,5.63515752070335 -0.258852161897003,5.63553947960911 -0.258989421716238,5.6356548552506 -0.259435781908529,5.63602873221538 -0.259794077359105,5.63632828048224 -0.260126842565919,5.63660466052122 -0.260426001769055,5.6368531286518 -0.260571166632312,5.63695038356083 -0.260712459114557,5.63704504405267 -0.260936926691249,5.6371954285787 -0.261064410060854,5.63728083732298 -0.261162516649828,5.63732927245931 -0.261247487712484,5.63737122264016 -0.26132492895212,5.63740945524325 -0.26123986742123,5.63761885372762 -0.261616997968045,5.63780998384852 -0.261703364755716,5.63782715537375 -0.261864999840169,5.63788840739657 -0.261865784232054,5.63788817726167 -0.261935698777157,5.63786767191391 -0.261955268760089,5.63786130825943 -0.262035739627688,5.63771570445461 -0.262140711380488,5.63765302164276 -0.262829016537337,5.63802704211031 -0.262777669538583,5.63833463469209 -0.262928052296549,5.63841738242571 -0.26464461504055,5.63849580920564 -0.264938512539107,5.63842439059823 -0.265821736343146,5.63844318857538 -0.266287498228437,5.63846283099523 -0.267055084644682,5.63844731122013 -0.268967668354066,5.63836520276712 -0.268945722134494,5.64030121577211 -0.268925729628428,5.64130561650305 -0.268943819806698,5.6430511266199 -0.268988345664744,5.64373571863198 -0.26894533599247,5.64400149931993 -0.268858376691254,5.64409672488154 -0.268397933709664,5.64367914940535 -0.267444081244192,5.64287671753939 -0.266059329400479,5.6417196083273 -0.264732875728559,5.64063003691964 -0.264047888314703,5.64143437326406 -0.264027199195291,5.64153921281391 -0.263233599732619,5.642409851115 -0.262279435894544,5.64345205505303 -0.261577494892486,5.64433483506443 -0.263498909666666,5.64601235508441 -0.262877870327166,5.6467618852559 -0.262078371497387,5.64608730808732 -0.261475178066036,5.64675831610233 -0.261178935243475,5.64705098976692 -0.260233099486865,5.64775055127847 -0.261465383263622,5.64965838579147 -0.261270435674424,5.6499094047256 -0.261060301226654,5.6502276553927 -0.260716151499434,5.65070361415511 -0.260461416370747,5.65109254715992 -0.260166933668757,5.651613116328 -0.25990480071787,5.65209215432626 -0.2598363523223,5.65221725052797 -0.259557486699157,5.65272697558327 -0.2593236690464,5.65315435855696 -0.259126269116763,5.65346468119572 -0.258914365756822,5.65334536383878 -0.25868931700142,5.65331429883451 -0.258638247477256,5.65328717504699 -0.258540812430025,5.65322857686398 -0.258245158928976,5.65303138295602 -0.258179113126665,5.65298548801641 -0.257704151705818,5.65269678465218 -0.256965669166141,5.65224761042214 -0.2558279974643,5.65155000352132 -0.254409128558984,5.65053448199548 -0.251755068509495,5.64897346538564 -0.250082990756745,5.64778538203058 -0.249133869397941,5.64716145773676 -0.248042341825835,5.64637941271465</coordinates></LinearRing></outerBoundaryIs></Polygon></MultiGeometry>
  </Placemark>
  <Placemark>
	<Style><LineStyle><color>ff0000ff</color></LineStyle><PolyStyle><fill>0</fill></PolyStyle></Style>
	<ExtendedData><SchemaData schemaUrl="#electoral_areas">
		<SimpleData name="Id">0</SimpleData>
		<SimpleData name="CAPTION">TROBU</SimpleData>
		<SimpleData name="Area_SQKM">2.38669370596</SimpleData>
		<SimpleData name="Area_Ha">238.66937059600</SimpleData>
		<SimpleData name="area_1">589.76485865800</SimpleData>
	</SchemaData></ExtendedData>
      <MultiGeometry><Polygon><outerBoundaryIs><LinearRing><coordinates>-0.236635041482384,5.61936043851479 -0.236660357142616,5.61905274359317 -0.23702907076614,5.61906846902304 -0.237196300321011,5.61894909554976 -0.237812656053503,5.61908524424058 -0.23845574225472,5.61908868334001 -0.239171539671133,5.6189553267391 -0.240052835768139,5.61874288469082 -0.240871557064778,5.61870033900397 -0.241475017681181,5.61845563680562 -0.241984651009415,5.61845804510438 -0.242633931190102,5.61832186364528 -0.244826322355734,5.61845599287464 -0.245425492240831,5.61843116393432 -0.245737707662121,5.61839622454033 -0.245840310395653,5.61839909948785 -0.245988546408818,5.61834002858651 -0.246120549794635,5.61818046688926 -0.246301192787357,5.6180809049211 -0.246696855419166,5.61767603396658 -0.247140187326062,5.61728364017832 -0.247391766914181,5.61706965296303 -0.248098272119124,5.61653504958309 -0.248582436245832,5.61608626353699 -0.2493879882894,5.61725659941189 -0.249693200052326,5.61769137352166 -0.249852096573096,5.61796381523704 -0.249953415090926,5.61817972917169 -0.249973257850315,5.6184009735945 -0.249891426878373,5.61867553244454 -0.250034091174003,5.61918358474787 -0.250296610356566,5.62005515233164 -0.250478417195207,5.62059738072952 -0.250453857342883,5.62074549594511 -0.250033134170243,5.62089652568502 -0.249936520406109,5.62093809204889 -0.250163044500742,5.62169089060378 -0.250090936171946,5.62180052846341 -0.249713326415745,5.62194324963974 -0.249153785152413,5.62215473287462 -0.248565631361135,5.6223862590762 -0.24839315930658,5.62252411290649 -0.248411913419441,5.62272283847456 -0.248706431219137,5.62327109423481 -0.248873410102523,5.62358193133244 -0.249109925943621,5.62410844794683 -0.249216994573966,5.62431199070324 -0.24924356649186,5.62436250521981 -0.249419465674222,5.62476499267864 -0.249632489143534,5.62513896549548 -0.250079463293982,5.62573338317334 -0.250396826739463,5.62613296269638 -0.250715518816731,5.62644645384238 -0.251716488537678,5.62694521896522 -0.251564989554178,5.62757658791931 -0.251507221478909,5.6280226678475 -0.250931247975846,5.62808148730043 -0.250204424313742,5.62828750655402 -0.249095341457045,5.62889447835327 -0.24586986771137,5.6309529711349 -0.245080688712201,5.63154665037093 -0.244905313058117,5.6317971895676 -0.244163186529641,5.63227113937636 -0.24149325500233,5.63392380442874 -0.240970917467497,5.63425697374093 -0.240130248365442,5.63479434519352 -0.239034649034304,5.63313433784008 -0.236422702990198,5.62902120798789 -0.233535318513517,5.62471221037738 -0.233760765167684,5.62446730748213 -0.234694803250227,5.62342156892198 -0.234801750280583,5.62323528661971 -0.234840173613506,5.62295904253013 -0.235426014166887,5.62208021528695 -0.235661041147885,5.62158225122007 -0.235773188097222,5.6212062327907 -0.236179413000896,5.62046103441705 -0.236405376507696,5.61998693441097 -0.236635041482384,5.61936043851479</coordinates></LinearRing></outerBoundaryIs></Polygon></MultiGeometry>
  </Placemark>
  <Placemark>
	<Style><LineStyle><color>ff0000ff</color></LineStyle><PolyStyle><fill>0</fill></PolyStyle></Style>
	<ExtendedData><SchemaData schemaUrl="#electoral_areas">
		<SimpleData name="Id">0</SimpleData>
		<SimpleData name="CAPTION">NII ANKRAMAN</SimpleData>
		<SimpleData name="Area_SQKM">1.55413999892</SimpleData>
		<SimpleData name="Area_Ha">158.99803298300</SimpleData>
		<SimpleData name="area_1">392.89269592800</SimpleData>
	</SchemaData></ExtendedData>
      <MultiGeometry><Polygon><outerBoundaryIs><LinearRing><coordinates>-0.261616975545849,5.63781476543439 -0.261239845026252,5.63762363532921 -0.261324906522827,5.63741423683941 -0.261247465268083,5.63737600418837 -0.261162494190972,5.63733405405948 -0.261064387642951,5.63728561894438 -0.260936904279187,5.63720021013639 -0.26071243672985,5.63704982566493 -0.26057114421358,5.63695516514601 -0.260425979361612,5.63685791026082 -0.260126820173178,5.63660944213741 -0.259794054964125,5.63633306206016 -0.259435759478852,5.63603351379915 -0.258989399237838,5.6356596367777 -0.258852139453079,5.63554426116714 -0.258429779788397,5.63516230231927 -0.257775950174864,5.63460782194387 -0.257293426320054,5.63421361484014 -0.256293819124676,5.63339338700304 -0.255855748489549,5.63304415233269 -0.255474240278584,5.63274420954191 -0.255225195971653,5.63257109959132 -0.255038589693637,5.63243873063625 -0.25499735948597,5.63241158598971 -0.254955238819549,5.63237960575778 -0.254927166725737,5.63235969283541 -0.254730874966365,5.63221720182191 -0.254576510824633,5.632101469744 -0.254512153966646,5.6320532191868 -0.254483419770753,5.63203167616508 -0.254235225234621,5.63182824180929 -0.253543510794878,5.63129258510027 -0.25338049913614,5.6311686462965 -0.252948323264559,5.63080877555991 -0.252843220814799,5.63071878728068 -0.252770167699756,5.63065795623204 -0.252373687996031,5.63032041420003 -0.252346097397071,5.63029315183202 -0.252259419262524,5.63020750484442 -0.252062978722095,5.6300134011184 -0.251883724255371,5.62976582244085 -0.251724912292046,5.62953555414948 -0.251458032296178,5.62914459088115 -0.251353345680184,5.62892952526518 -0.251354127919694,5.6289245233424 -0.251400234930894,5.62863075549764 -0.251507225973122,5.62802171153926 -0.251564994047902,5.62757563161109 -0.251716493030699,5.62694426265683 -0.250715523310966,5.62644549753481 -0.25039683123389,5.62613200638908 -0.250079467788681,5.62573242686632 -0.250038024231402,5.62568144302447 -0.249632493638517,5.6251380091888 -0.249419470169154,5.62476403637215 -0.249243570986808,5.62436154891334 -0.249216999068925,5.62431103439685 -0.249109930438614,5.62410749164048 -0.248873414597469,5.62358097502637 -0.248706435714033,5.62327013792879 -0.248411917914386,5.62272188216873 -0.248393163801385,5.62252315660062 -0.248565635855639,5.62238530277024 -0.249153789645711,5.62215377656828 -0.249713330907996,5.62194229333273 -0.250090940663429,5.6217995721562 -0.25016304899208,5.62168993429652 -0.249936524897132,5.62093713574178 -0.250033138661144,5.62089556937793 -0.250453861832901,5.62074453963761 -0.250478421685092,5.620596424422 -0.250296614846375,5.62005419602418 -0.250158533240042,5.61960227783437 -0.250034095663529,5.61918262844058 -0.249997022784109,5.61905760500259 -0.249891431367712,5.61867457613745 -0.249973262339276,5.6184000172873 -0.249953419579766,5.61817877286451 -0.249852101061847,5.61796285892997 -0.249693204541208,5.61769041721471 -0.249387992778425,5.61725564310519 -0.249014678244394,5.61671296131199 -0.248582440735222,5.61608530723078 -0.249095100367285,5.61559742487794 -0.249618768273219,5.61509906456724 -0.249842389331676,5.61534215393454 -0.25019515049559,5.61570554398714 -0.250576080521218,5.61623668281841 -0.251091950505016,5.61682867141412 -0.251253126674295,5.61705384887251 -0.251579584816411,5.61690237301185 -0.251639058305738,5.61689141609771 -0.251778725391551,5.61700563769911 -0.25199116205607,5.61691985067382 -0.252322883862789,5.61692770772681 -0.252484401697965,5.61723455844493 -0.252611805160689,5.61760944021377 -0.252704128247703,5.61816825663091 -0.252718405013781,5.6184383254551 -0.252746563944726,5.61898028285215 -0.252779973567354,5.61962329703608 -0.252850337351017,5.61997715548456 -0.252972568132538,5.62045241299366 -0.253007754720915,5.62112003600988 -0.253077845379509,5.62147531781279 -0.253112523322001,5.62177367498096 -0.253093000627716,5.62208985019084 -0.253223162305014,5.6231838398623 -0.253257984524006,5.6233808942426 -0.253280227614034,5.62352301413854 -0.253378745534693,5.62358300974331 -0.253480019470942,5.62366597026586 -0.253577882102374,5.62371305230205 -0.254054131455215,5.62383364105615 -0.25420405065589,5.62396336450344 -0.254433841028653,5.62423565377351 -0.254608162064034,5.62451763612172 -0.254764960073216,5.62487221722416 -0.255174427945063,5.62579366518743 -0.255186095581049,5.62582261366857 -0.255266699026032,5.6259449827029 -0.255401271319091,5.62609923072331 -0.255940578396831,5.62649936247807 -0.256534427414415,5.62680938879556 -0.256915963358375,5.62694261396923 -0.257137762910178,5.62702006207867 -0.257936622600727,5.62719716600186 -0.258229382305281,5.62725273795208 -0.258546358029432,5.62731943338436 -0.259116112981224,5.62744407906037 -0.25986798293213,5.62761122315466 -0.260281182333921,5.62774335440976 -0.260847861114802,5.6279221198483 -0.261534280831039,5.6281160479489 -0.262092058344697,5.62842590126168 -0.26245284650802,5.62855884637653 -0.262812401387147,5.62869133680581 -0.263235942402342,5.62877465353906 -0.263542061091413,5.62889356265062 -0.263667870869648,5.62899355143516 -0.263711911937315,5.62921966556987 -0.263706173059169,5.62983891229449 -0.26366199265413,5.63024956328754 -0.263709337793038,5.63083924132458 -0.26416765820793,5.63095415483743 -0.264938092753263,5.63095657789667 -0.26493060238648,5.63128229599098 -0.264946431150016,5.63172467751987 -0.264970439780718,5.63233146839129 -0.264869099713006,5.63293550042478 -0.264840897858402,5.63323938267833 -0.264703200280523,5.63349309968591 -0.264455984406562,5.63389505756643 -0.264160982740439,5.63418117067046 -0.263773617739036,5.63454467137486 -0.263535472909661,5.63484384216004 -0.26325624029335,5.63535512665569 -0.263002104263718,5.63580723584365 -0.262815156669623,5.63618124106388 -0.262578112713951,5.63665255688331 -0.262418099210638,5.6369826968964 -0.262340942691059,5.63715064927768 -0.262252160599964,5.63735488774718 -0.262190331241964,5.63751143613975 -0.262154344596678,5.63762261872695 -0.262140688946016,5.63765780326186 -0.262035717175352,5.63772048601688 -0.261955246311903,5.63786608988166 -0.26193567639847,5.63787245346454 -0.261865761820892,5.63789295888752 -0.261864977459417,5.63789318893477 -0.261703342369911,5.63783193698642 -0.261616975545849,5.63781476543439</coordinates></LinearRing></outerBoundaryIs></Polygon></MultiGeometry>
  </Placemark>
  <Placemark>
	<Style><LineStyle><color>ff0000ff</color></LineStyle><PolyStyle><fill>0</fill></PolyStyle></Style>
	<ExtendedData><SchemaData schemaUrl="#electoral_areas">
		<SimpleData name="Id">0</SimpleData>
		<SimpleData name="CAPTION">NORTH OFANKOR</SimpleData>
		<SimpleData name="Area_SQKM">3.39068929563</SimpleData>
		<SimpleData name="Area_Ha">646.64092583700</SimpleData>
		<SimpleData name="area_1">1597.88452651000</SimpleData>
	</SchemaData></ExtendedData>
      <MultiGeometry><Polygon><outerBoundaryIs><LinearRing><coordinates>-0.260913948369199,5.68036443424894 -0.260130528645159,5.67866373980928 -0.259972395542766,5.67684919785671 -0.259033412175647,5.6706564143813 -0.25891930928317,5.66828581289394 -0.258786170237817,5.6671281680999 -0.258402857940251,5.66598776731455 -0.258137339198618,5.66563362613213 -0.257884818758716,5.66535949702227 -0.257718975783183,5.66518838173172 -0.257630213080337,5.6650511829097 -0.257559185298596,5.66494258315616 -0.257354161880757,5.66479815092993 -0.257364535220631,5.6645078500946 -0.257372370815784,5.66436750809173 -0.257344166890227,5.66424846742621 -0.257308609045158,5.66406498342929 -0.257302085683399,5.66377217736176 -0.257232814586958,5.66350196040685 -0.25720703446483,5.66346416252735 -0.257177018360251,5.66327820993997 -0.257217709931589,5.66318583956995 -0.257295822902569,5.66313234987282 -0.257341404026651,5.6631019469709 -0.257452335058934,5.66302300285256 -0.257532674116382,5.66285519368404 -0.257621366198622,5.66254165685246 -0.25757658203924,5.6624655176377 -0.257652884795278,5.66183467198373 -0.25767199058678,5.66160885729838 -0.257715853035024,5.66144212139555 -0.257739484370252,5.6612607145828 -0.25774641112543,5.6611302899792 -0.257765389034714,5.66093158326765 -0.257788022246751,5.66074712678081 -0.25790692294813,5.66056821331493 -0.258063977286995,5.66040280762076 -0.258138790909496,5.66017431002444 -0.258211591485398,5.66003911049388 -0.258413736134071,5.65980828151686 -0.258658678219902,5.65942366926408 -0.258745441729611,5.65911782796541 -0.258804945412917,5.65870901489191 -0.258829187390092,5.65847521167824 -0.258851783865864,5.6582572766952 -0.2589029449363,5.65797911668629 -0.259011517481274,5.65758002171636 -0.259052854662931,5.65743853926905 -0.259056327273689,5.65727570235541 -0.258969613465825,5.65714482328103 -0.258912521798643,5.65708052433769 -0.258821459245545,5.65701273873711 -0.258821086396417,5.65701166410018 -0.258821043279105,5.65701153985218 -0.258772164967353,5.65680216887122 -0.258785533367874,5.65649740034364 -0.258328488080628,5.65599316398831 -0.258219569301606,5.65585724489104 -0.258304946028472,5.65569285342893 -0.258182794203503,5.65559344786996 -0.258039018880056,5.65542531643841 -0.257751049916413,5.65499037318205 -0.257613687088497,5.65468077767901 -0.25725057478439,5.65375878879437 -0.256723443681151,5.65312870124168 -0.256296618670228,5.6527838858341 -0.255787488229818,5.65250162878185 -0.255691090847258,5.65248150028013 -0.255450349925594,5.65220185115105 -0.254585889590788,5.65161557389689 -0.253887933102282,5.65113461162309 -0.253591830520267,5.65090887225418 -0.253135493919136,5.65066959430644 -0.252517305413413,5.6500057011347 -0.251563870028887,5.64968380218424 -0.251755068509495,5.64897346538564 -0.254409128558984,5.65053448199548 -0.2558279974643,5.65155000352132 -0.256965669166141,5.65224761042214 -0.257704151705818,5.65269678465218 -0.258179113126665,5.65298548801641 -0.258245158928976,5.65303138295602 -0.258540812430025,5.65322857686398 -0.258638247477256,5.65328717504699 -0.25868931700142,5.65331429883451 -0.258914365756822,5.65334536383878 -0.259126246605972,5.65346946276303 -0.262319772671364,5.65556843622103 -0.267308331147192,5.65926550991079 -0.2691258428076,5.66051732220759 -0.270047978695792,5.66134412270248 -0.27063572385798,5.66222672806887 -0.270888986515406,5.66318426512022 -0.270970682917364,5.66408361325886 -0.270970646824763,5.66408384453769 -0.270823039513314,5.66502969764178 -0.270607940593161,5.66610935176625 -0.270546257805483,5.6670462774426 -0.270546284751486,5.66704642318739 -0.270760388698862,5.66820446292082 -0.271491261983329,5.67113432249687 -0.272615808420778,5.67561532057695 -0.272699746741978,5.67635022231053 -0.272969533344882,5.67746005576723 -0.273049417397298,5.67789798063812 -0.272210393859807,5.67802609085955 -0.27221028713799,5.67802576619912 -0.272208245167649,5.67802607966197 -0.27207527123598,5.67762155679119 -0.27136238428938,5.67754175620351 -0.2713617216533,5.67754168202748 -0.270739128444741,5.67756802751394 -0.270186057689439,5.67752391459786 -0.270184078884423,5.67752391694252 -0.270183909099158,5.67752390340024 -0.26967470992267,5.67752450638092 -0.269634427834831,5.6776178132868 -0.26965389449237,5.67813119894783 -0.269482573203992,5.67815463025127 -0.269480916727536,5.67815485680433 -0.269145966200044,5.67799307075729 -0.26886207150856,5.67779150095655 -0.268504911137678,5.67820695038758 -0.268503833831528,5.67820569296207 -0.268502762452796,5.67820693918995 -0.26810130097873,5.67773835512523 -0.268100879081349,5.6777378626882 -0.267904256528087,5.67779265126411 -0.267749575606546,5.67781342976562 -0.267674418412774,5.67840490359112 -0.267674343958651,5.67840548953077 -0.266998456609628,5.67821088011842 -0.266661481546987,5.67815370653505 -0.266307947270724,5.67805089122591 -0.266002318132118,5.67799504902993 -0.265849772340271,5.67794656154276 -0.26560723353216,5.67787474366852 -0.265201008982735,5.67775291675876 -0.265063192639497,5.67765833612019 -0.26496323506838,5.67763336561513 -0.264961179602914,5.67763285213697 -0.264744928422749,5.67879654421245 -0.264733449312045,5.67931527418823 -0.26464074852656,5.67992790432606 -0.26454818739134,5.68004216674939 -0.264548168950873,5.6800421895131 -0.263519337180157,5.68002571878374 -0.263517188655522,5.68002570465657 -0.263487683592753,5.68054715034717 -0.263343268763289,5.68055148332858 -0.263341892181501,5.68055152463102 -0.261708088059104,5.68044022310761 -0.261203271613812,5.68041083876047 -0.26091628098596,5.68036480837757 -0.260913948369199,5.68036443424894</coordinates></LinearRing></outerBoundaryIs></Polygon></MultiGeometry>
  </Placemark>
  <Placemark>
	<Style><LineStyle><color>ff0000ff</color></LineStyle><PolyStyle><fill>0</fill></PolyStyle></Style>
	<ExtendedData><SchemaData schemaUrl="#electoral_areas">
		<SimpleData name="Id">0</SimpleData>
		<SimpleData name="CAPTION">SOUTH OFANKOR</SimpleData>
		<SimpleData name="Area_SQKM">3.45471317362</SimpleData>
		<SimpleData name="Area_Ha">646.64092583700</SimpleData>
		<SimpleData name="area_1">1597.88452651000</SimpleData>
	</SchemaData></ExtendedData>
      <MultiGeometry><Polygon><outerBoundaryIs><LinearRing><coordinates>-0.264732875728559,5.64063003691964 -0.266059329400479,5.6417196083273 -0.267444081244192,5.64287671753939 -0.268397933709664,5.64367914940535 -0.268858376691254,5.64409672488154 -0.26894533599247,5.64400149931993 -0.268988345664744,5.64373571863198 -0.268943819806698,5.6430511266199 -0.268925729628428,5.64130561650305 -0.268934309667348,5.64087457068555 -0.268945722134494,5.64030121577211 -0.268965409630723,5.63835744842734 -0.27015412695821,5.63840659055546 -0.272125523080612,5.63843901002428 -0.274178701514955,5.63828127468257 -0.278601927858642,5.6378408454914 -0.278630709958872,5.63821969491864 -0.278725860820942,5.63910572064336 -0.278787135063086,5.63947707135343 -0.278843919439958,5.63963431520339 -0.277765114829679,5.64052558322158 -0.276943595473883,5.64124270850869 -0.275936769964374,5.6425690963836 -0.275670125379958,5.64305623534515 -0.275567781141708,5.64324321061204 -0.27546308489189,5.64408078087192 -0.275514220918675,5.64507793299688 -0.27553446873002,5.64547276555803 -0.275473218867529,5.64576657043642 -0.275384562735487,5.64619183870664 -0.274966974085781,5.64724102990274 -0.274242421370026,5.64906146866251 -0.272679115519814,5.65061763619069 -0.272350749937544,5.65110304619142 -0.271220505912272,5.65322552538399 -0.270963127548236,5.65411829920758 -0.270794762645683,5.65496878948387 -0.270639520784089,5.65575298889216 -0.270491537177663,5.65686995203189 -0.270406007422852,5.65769147304653 -0.270387605289143,5.65786822731728 -0.270332570273158,5.6589152925152 -0.270409392439355,5.65891539043703 -0.270703981301171,5.65891576584166 -0.270983181184495,5.65890598276954 -0.271490308872491,5.65889766763144 -0.271704123375216,5.65889416169368 -0.271960597614322,5.66219859179532 -0.272064104208624,5.6624448660585 -0.272827911123184,5.66321224213605 -0.272987098440977,5.66338338950519 -0.274205618965152,5.6646934566668 -0.274347362632181,5.66512685834032 -0.274943613295864,5.66750192219398 -0.275128021523852,5.668578628299 -0.275256707973585,5.66925585698889 -0.275413606100171,5.67008155319062 -0.275558724303298,5.67084525605796 -0.275624462708695,5.67119121271645 -0.275716938122768,5.67167787625918 -0.27577652473226,5.67223040663779 -0.275846207694326,5.67287655774053 -0.275899798779058,5.67313697853885 -0.275980344456131,5.67351743756284 -0.276016869182461,5.6737873874139 -0.276070407055162,5.67402533351464 -0.276171563904144,5.67439635645853 -0.276194827670173,5.67454934405712 -0.276195629570455,5.67455618259912 -0.276304558463035,5.67576470991091 -0.275846130518142,5.67586762373312 -0.275717778478533,5.67596646776278 -0.275394453315724,5.67604874708178 -0.275077317747824,5.67620182341149 -0.274957780971573,5.67607991522502 -0.274662994864906,5.67602193485416 -0.274598809699337,5.6760179069204 -0.274069634060331,5.67598457474732 -0.274068994770706,5.67598465816876 -0.273642117606607,5.67604036154437 -0.273195825769842,5.67618932530231 -0.272923997986988,5.6762835742482 -0.272699746741978,5.67635022231053 -0.272615805609727,5.6756159182792 -0.271491259173355,5.67113492019862 -0.270760385889596,5.66820506062227 -0.270546254996576,5.66704687514397 -0.270607937784783,5.66610994946767 -0.270823036705697,5.66503029534334 -0.270970680110372,5.66408421096052 -0.270888983708777,5.6631848628218 -0.270635721051568,5.6622273257704 -0.270047975889217,5.66134472040371 -0.269125840000491,5.66051791990837 -0.26730832833884,5.65926610761066 -0.26231976985974,5.65556903391851 -0.259126246605972,5.65346946276303 -0.259321497955406,5.65315912882924 -0.259555315699104,5.65273174585645 -0.259834181231983,5.65222202080249 -0.259902629628569,5.65209692460099 -0.2601647626855,5.65161788660381 -0.2604592452901,5.65109731744077 -0.260713980422466,5.65070838443691 -0.261058130154379,5.65023242567243 -0.261268264707057,5.64991417500978 -0.261445991866231,5.6496881072476 -0.261465598776561,5.6496631673688 -0.26023331490265,5.64775533285124 -0.260933581636223,5.64723739984381 -0.260941580165897,5.6472313082892 -0.261201937415646,5.6470330241273 -0.261202975400189,5.64703223361337 -0.261399150460636,5.64683842214779 -0.261401864152664,5.64683550616125 -0.261642712372964,5.64657670348046 -0.261649693120711,5.64656920233373 -0.262078484378631,5.64609220385958 -0.262078587029615,5.64609208966776 -0.262877945795943,5.64676654865788 -0.262878085863296,5.64676666683946 -0.263499125210884,5.6460171366705 -0.261577710333085,5.64433961664308 -0.262249743280528,5.64349444985763 -0.26331029336693,5.64233073047562 -0.264027414761724,5.64154399440307 -0.264048103881722,5.64143915485322 -0.264732875728559,5.64063003691964</coordinates></LinearRing></outerBoundaryIs></Polygon></MultiGeometry>
  </Placemark>
  <Placemark>
	<Style><LineStyle><color>ff0000ff</color></LineStyle><PolyStyle><fill>0</fill></PolyStyle></Style>
	<ExtendedData><SchemaData schemaUrl="#electoral_areas">
		<SimpleData name="Id">0</SimpleData>
		<SimpleData name="CAPTION">OMANJOR</SimpleData>
		<SimpleData name="Area_SQKM">2.85723318048</SimpleData>
		<SimpleData name="Area_Ha">1371.64334760000</SimpleData>
		<SimpleData name="area_1">3389.40452646000</SimpleData>
	</SchemaData></ExtendedData>
      <MultiGeometry><Polygon><outerBoundaryIs><LinearRing><coordinates>-0.302066699111452,5.64441089328117 -0.302209466771794,5.64440708614346 -0.302350330863302,5.64430619699685 -0.302428377184233,5.64434426837295 -0.302523555624528,5.64431952197849 -0.302833837339664,5.64428525774014 -0.302959948772964,5.64431761840985 -0.303079873607646,5.64448893960226 -0.303357794653052,5.64456127521674 -0.303703530337292,5.64485568592692 -0.303838683722366,5.64506507849546 -0.30391863361218,5.6452839889079 -0.303872947960894,5.64532586742173 -0.303608351896989,5.64546673151336 -0.303619773309792,5.64549909218305 -0.303798708777501,5.64589313092545 -0.303864913043664,5.64614599052201 -0.303587319368196,5.6463090293843 -0.301969289336219,5.64725934014568 -0.30189246903442,5.64730489095822 -0.30155611049914,5.64685294028346 -0.301111529011515,5.64622325825346 -0.300711434029903,5.64565056734918 -0.300499195004715,5.64574222923925 -0.30024800774497,5.64586957378058 -0.299972649980336,5.64606255604131 -0.299850004905346,5.64613371347892 -0.299688826855965,5.64615089612541 -0.299495151590778,5.64609918880089 -0.299188334839057,5.64599913708565 -0.298905231847329,5.6459320706049 -0.298568818475344,5.64578107410024 -0.298333253663456,5.64575606947918 -0.298023135760958,5.64572474073619 -0.297981274885568,5.64626011063407 -0.297969911055669,5.64665216756136 -0.298018447392993,5.6473798287511 -0.297985483575521,5.64805510839103 -0.297964396873416,5.64874239781905 -0.297956564583853,5.64900889459968 -0.297792281402054,5.64899503358311 -0.297038359960318,5.64893892415024 -0.296284416940604,5.64888759552286 -0.295731192637889,5.64878460088686 -0.29486946898766,5.64873379615009 -0.295083228988551,5.64710286289187 -0.295183637127736,5.6464724632552 -0.295329538776486,5.64588976104166 -0.295430084808839,5.64556626107181 -0.295528138718697,5.64526546306014 -0.295781590445174,5.64464978826962 -0.295753284131396,5.64457792925346 -0.295612448308884,5.64458325104279 -0.2953644216597,5.6445438420503 -0.295044908700595,5.64448019110571 -0.295085986109718,5.64398546440048 -0.295164918540762,5.64304740039021 -0.295015788370658,5.64304013134051 -0.294403509003071,5.64319269031896 -0.293961480654929,5.64330121176199 -0.293584985867305,5.64343095839482 -0.293535306138809,5.64333628629451 -0.293412440907247,5.64281210598077 -0.292541106237756,5.64311647426233 -0.291647659293962,5.64355701911954 -0.290573870280569,5.64403019370967 -0.290582914634653,5.64408690018874 -0.290812316401818,5.64464170209109 -0.290769124897095,5.64469170958942 -0.290402888148407,5.64484792064675 -0.29041209449083,5.64517790760406 -0.290388915370574,5.64554360699416 -0.290325624231112,5.64606691856285 -0.28991412376454,5.64602554908649 -0.289580150945183,5.64599231150206 -0.288971908860516,5.64591774630747 -0.288939913975736,5.64625042598286 -0.288216581600402,5.64623225954562 -0.287374065621901,5.64611236739156 -0.286723948623957,5.64606151327717 -0.286204981862212,5.64603518010563 -0.285736994224993,5.64595230106919 -0.285313894106406,5.64583974537688 -0.284834071704874,5.64573589017201 -0.284550876388483,5.64568973734645 -0.284100789073677,5.64560694090075 -0.283722563333039,5.64546769663418 -0.283513976246592,5.64541591502079 -0.283287350803846,5.64539393505812 -0.283111620779392,5.64533334115995 -0.282880815032828,5.64522285530647 -0.282737031079484,5.64531906906731 -0.282522092308718,5.64513632465108 -0.282472055446559,5.64505656970678 -0.281930875543185,5.64475320809444 -0.281467791215663,5.64436198204391 -0.280794339043043,5.64379841154472 -0.280441389841692,5.64353737123944 -0.27986156926687,5.64291169028426 -0.279586543158033,5.64260953508393 -0.279039007895983,5.64190796591768 -0.278377665524807,5.64117294343001 -0.277961849920523,5.64072465439006 -0.277765114829679,5.64052558322158 -0.277778820988577,5.64051361873217 -0.27880941285683,5.63966322282606 -0.279764146626359,5.63886339966679 -0.280526736485876,5.6381475896753 -0.28139993228755,5.63732521756533 -0.282313678200309,5.6363754011908 -0.282518659774266,5.63602176338821 -0.28279650832472,5.63543237847969 -0.282999917375016,5.6348999515574 -0.283366185734299,5.63392105983417 -0.283453646615699,5.63369691343887 -0.28367322926115,5.63331212979016 -0.28458771518196,5.63339195726311 -0.28500544213394,5.63325498119639 -0.285219666567299,5.63238350749915 -0.285250401480029,5.63232211408933 -0.291940610416563,5.63311279413982 -0.293686520866235,5.63331968294522 -0.296646854316342,5.63377668364388 -0.297183909743636,5.63396455052731 -0.298088503202705,5.6341492206024 -0.298004233348336,5.63746053800784 -0.297993063043548,5.63788928900612 -0.297995662270267,5.63808435004094 -0.297992634897035,5.63820869032858 -0.297984523986959,5.63842518048113 -0.297988791110549,5.63873315170705 -0.298002295149624,5.63953012026824 -0.298051193106367,5.63995977431106 -0.298038735219008,5.64029961006582 -0.298004673281827,5.64052546217494 -0.297982605629695,5.64075172592485 -0.298005411413176,5.64141344319415 -0.298008257767792,5.64158459531965 -0.298113938488679,5.64159675233874 -0.298418509497328,5.64161959516445 -0.298662166304322,5.64166337724697 -0.298803030395889,5.64168241293499 -0.298900112404898,5.64172429144866 -0.298968640881852,5.64175665211833 -0.299039072927641,5.64177188066883 -0.299149479918289,5.64180614490718 -0.299328415385988,5.64191464832911 -0.299393136725276,5.64200601963184 -0.299585397174656,5.64211261948485 -0.299802404018325,5.64219828008099 -0.300059861699155,5.64233695506855 -0.300099836644066,5.64239548980918 -0.300225472185124,5.64244688616691 -0.300291145308864,5.64247829505217 -0.300342541666577,5.64251541464384 -0.300345397019792,5.6425753770613 -0.300429629939448,5.64260393059327 -0.300488164680145,5.64261963503598 -0.300646636783142,5.64265389927437 -0.300733725055909,5.64268530815961 -0.300867926656668,5.64273242148766 -0.30103068178952,5.64281379905401 -0.301106348649494,5.64285377399896 -0.301250543986481,5.64287947217785 -0.301344770642205,5.64290802570984 -0.301370468821151,5.64293943459512 -0.301369041144522,5.64299796933589 -0.301344770642207,5.64304936569364 -0.301361902761505,5.64318642264748 -0.301394739323389,5.64330634748222 -0.301434714268243,5.64338629737211 -0.301493249009047,5.64344054908298 -0.301524657894307,5.64351050523652 -0.301644582728973,5.64363756845429 -0.301644582728973,5.64374940312148 -0.301699310332149,5.64382316641279 -0.301870155632364,5.64400733669462 -0.301965809964727,5.64436568352204 -0.302066699111452,5.64441089328117</coordinates></LinearRing></outerBoundaryIs></Polygon></MultiGeometry>
  </Placemark>
  <Placemark>
	<Style><LineStyle><color>ff0000ff</color></LineStyle><PolyStyle><fill>0</fill></PolyStyle></Style>
	<ExtendedData><SchemaData schemaUrl="#electoral_areas">
		<SimpleData name="Id">0</SimpleData>
		<SimpleData name="CAPTION">AMAMOLEY</SimpleData>
		<SimpleData name="Area_SQKM">5.32023465728</SimpleData>
		<SimpleData name="Area_Ha">1371.64334760000</SimpleData>
		<SimpleData name="area_1">3389.40452646000</SimpleData>
	</SchemaData></ExtendedData>
      <MultiGeometry><Polygon><outerBoundaryIs><LinearRing><coordinates>-0.303683048722257,5.6462528047735 -0.303864913043664,5.64614599052201 -0.303969437893268,5.6463073108098 -0.304079778518541,5.64648091944016 -0.304140683820765,5.64665045042766 -0.304093422721747,5.64680965816643 -0.304145515420438,5.64690915811655 -0.304165782680402,5.64696815694691 -0.304160906486464,5.647039814521 -0.304170431195186,5.64712679500355 -0.304177874005072,5.64720130541528 -0.304182880140396,5.64728676867146 -0.304229233287295,5.64736055519451 -0.304241539027082,5.647452119363 -0.304305868023896,5.64752224134996 -0.30435118238228,5.64760190808011 -0.304345093257085,5.64772749401164 -0.304557794622041,5.64801998253085 -0.304601651766151,5.64821458614817 -0.304842512367689,5.64859013837836 -0.304920949075197,5.64878432327889 -0.30496352129259,5.64891105614134 -0.304978212236827,5.64900303755329 -0.30499194788421,5.64906460417835 -0.305007177867744,5.64911999445738 -0.305007171581319,5.64919508722585 -0.305038532239181,5.64936729081073 -0.305086760720509,5.64938510862697 -0.305163923400545,5.64939058426526 -0.305218269390683,5.64943841376945 -0.305337540191109,5.64943012537324 -0.305394325213136,5.64947944312359 -0.305467735252674,5.64956140715349 -0.305489917923033,5.64968310087329 -0.305518565317998,5.6498499217376 -0.30567660343941,5.65008743908762 -0.305768479262614,5.65041857411397 -0.305875029433718,5.65079800627773 -0.305965759308146,5.65094955620219 -0.306138731769062,5.65103431069268 -0.306269915523991,5.65098998041849 -0.306421686448284,5.65101448189647 -0.306539167952553,5.65106984477097 -0.306848324708575,5.65110885106321 -0.307252656927257,5.65122567723649 -0.307526256333081,5.65127273845417 -0.307723369402664,5.65130990172819 -0.307911945969517,5.65136692473586 -0.308136241369174,5.65138435919627 -0.308425080675631,5.65147115364721 -0.308793761742516,5.65152135362207 -0.309300402845629,5.65159177489105 -0.309677391760999,5.65163992312205 -0.310069535513833,5.65166153227973 -0.310224373588918,5.65162939164645 -0.310451518188107,5.65153292231098 -0.310998830926524,5.65155883699474 -0.311446316245963,5.65172533815339 -0.311726065080099,5.65184206285971 -0.31195991357207,5.65208700475334 -0.312037486325131,5.65226816562045 -0.312309291814452,5.65253769944666 -0.312553407468355,5.65271017314062 -0.312972050127853,5.65309375947241 -0.314441180120227,5.65387283143388 -0.314888089563652,5.65363012194446 -0.315042130425815,5.6536398976847 -0.31525961357977,5.65357634864415 -0.315498223828881,5.65358940756046 -0.315715137916369,5.65377869835647 -0.315902863810353,5.65382798364897 -0.316231500199334,5.65372729107033 -0.316372033099143,5.65365920141691 -0.316515301344036,5.65364492071473 -0.316732698063357,5.65372960949783 -0.316994610566137,5.65386531179565 -0.317112716243315,5.65388294624157 -0.317283800083666,5.65390849085463 -0.317498716134455,5.65389411101957 -0.317576262216632,5.65388892246224 -0.317943128528704,5.65390855087774 -0.318621537318735,5.65430021687171 -0.31866302609641,5.65460714501661 -0.318481361944457,5.65507660398784 -0.318187478020871,5.65583605995136 -0.317966441063912,5.65627644304471 -0.317698766048413,5.65665402599459 -0.317604181385624,5.65697995320716 -0.317359914101838,5.65715814432972 -0.316725359636711,5.65734887475084 -0.316489178399162,5.65732626305409 -0.315820570710323,5.65765550957168 -0.315022119662965,5.65870980556985 -0.313249250466305,5.65940393498072 -0.312420578891881,5.65994132866278 -0.311191944223573,5.66031965036637 -0.310556925501529,5.6606962957199 -0.31017348723235,5.66103402873565 -0.309961999755253,5.66134865035764 -0.309884586255119,5.66157303884287 -0.30985352437539,5.66197020580336 -0.309773904174919,5.66248096518064 -0.309549704822352,5.66280347239696 -0.309245193705806,5.6633236204497 -0.308781169226786,5.66389242050688 -0.308490011523152,5.6642093323763 -0.307892427169474,5.66475906554864 -0.307735538376653,5.66494848459404 -0.307511481865561,5.66507289705386 -0.307245761992047,5.66524380824672 -0.306958428832696,5.66544330985989 -0.306497607136114,5.66572215037041 -0.306405541516946,5.66577785864387 -0.306132494771375,5.66598459884223 -0.305852520659292,5.6661410971021 -0.305716166284607,5.66619056271593 -0.30553139945268,5.66625759096177 -0.30539304587051,5.66640435127918 -0.304993662461532,5.66655802350881 -0.304590320623949,5.6665727604756 -0.304253032342464,5.66673616349403 -0.303930230526703,5.66686376985088 -0.303107114366879,5.66697943608306 -0.302826838391883,5.6670188208305 -0.302573005999312,5.66719934787555 -0.302519832672008,5.66734255529819 -0.302510623758596,5.66753549237369 -0.302038791509351,5.6679726877757 -0.301612826122104,5.6684345375176 -0.300953945849489,5.66907987956976 -0.300365139786425,5.66869360373834 -0.299906379704517,5.66842900767453 -0.299504726686749,5.66820819369301 -0.299394319696066,5.66820057941795 -0.299272491292558,5.66823674722516 -0.299202059246766,5.66832240782151 -0.299051677311207,5.66858129317894 -0.298903198944387,5.66883256426107 -0.298868934705901,5.66884041648232 -0.297885860391442,5.66822651554285 -0.297522278749756,5.66867623367295 -0.297051145470662,5.66839069835224 -0.296768354576657,5.66822507232768 -0.2967663931198,5.66822364241729 -0.294505871560426,5.66657570554519 -0.294489264241165,5.66659476060725 -0.292471620648608,5.66890976764714 -0.292169971218093,5.66925580733473 -0.291055956496341,5.67046555045445 -0.29053723398561,5.67089385346849 -0.289828154648807,5.67132691539135 -0.289614003141857,5.67166003989033 -0.288852575632754,5.67307343974953 -0.28776677341675,5.67236180745941 -0.28596628942373,5.67118176821512 -0.284735632192073,5.67118129233481 -0.284384877441173,5.67043001468334 -0.284007204306587,5.66927703049711 -0.283468684448024,5.66806949677873 -0.283157555829199,5.66723242245701 -0.282782491557216,5.66628745853351 -0.282265834554424,5.66499873875534 -0.282276187208957,5.66492849543329 -0.282700690953249,5.66479420759486 -0.282729019722439,5.66476894937333 -0.282694561900053,5.66448188177109 -0.282818007491293,5.66411306970351 -0.283205840120546,5.66309278674992 -0.283666207839533,5.66187200870479 -0.284004436124275,5.66074031501383 -0.285471689933317,5.66085836731075 -0.286330791347904,5.66088032335122 -0.287673534236672,5.66082982706083 -0.287664255348046,5.66026075123967 -0.287685656654651,5.65976593667962 -0.287738440596511,5.6591947604009 -0.28772368531555,5.65877628514587 -0.287701223806763,5.6584749275729 -0.28813893374088,5.65827135876318 -0.288648398075431,5.65803465257882 -0.289356096391237,5.65776779106138 -0.289717244523122,5.65760450777816 -0.289951935117745,5.65743346035636 -0.291304555381739,5.65818239516071 -0.291590527263256,5.65763382435485 -0.291870837894464,5.65701947692817 -0.292034048969179,5.65656596804034 -0.292935673500176,5.65706629053756 -0.293252595490591,5.65649096473453 -0.293693666930009,5.65594909279329 -0.294016944655192,5.65571748817281 -0.294200698859421,5.6559783565363 -0.294313966132609,5.65599980546255 -0.297550479589648,5.65621812517317 -0.299249583361833,5.65626429596855 -0.300397915304568,5.65632045027933 -0.300499472090098,5.65629402525953 -0.30028494971651,5.65559069458441 -0.300064696589189,5.65483653040102 -0.299899517959594,5.65442930565166 -0.299715621868067,5.6541983239044 -0.299522651296905,5.653994197726 -0.299169152265129,5.65366678978978 -0.298611402270148,5.65299473689281 -0.298400421903373,5.65281443599151 -0.29840187584337,5.65227084858645 -0.298222198057784,5.65161956400204 -0.297994716264569,5.65049477574248 -0.297970231497445,5.65005742720601 -0.297943143412806,5.64946555013045 -0.297964396873416,5.64874239781905 -0.297985483575521,5.64805510839103 -0.298018447392993,5.6473798287511 -0.297969911055669,5.64665216756136 -0.297981274885568,5.64626011063407 -0.298023135760958,5.64572474073619 -0.298333253663456,5.64575606947918 -0.298568818475344,5.64578107410024 -0.298905231847329,5.6459320706049 -0.299188334839057,5.64599913708565 -0.299495151590778,5.64609918880089 -0.299688826855965,5.64615089612541 -0.299850004905346,5.64613371347892 -0.299972649980336,5.64606255604131 -0.30024800774497,5.64586957378058 -0.300499195004715,5.64574222923925 -0.300711434029903,5.64565056734918 -0.301111529011515,5.64622325825346 -0.30155611049914,5.64685294028346 -0.301892469034395,5.64730489095822 -0.301969289336219,5.64725934014568 -0.303683048722257,5.6462528047735</coordinates></LinearRing></outerBoundaryIs></Polygon></MultiGeometry>
  </Placemark>
  <Placemark>
	<Style><LineStyle><color>ff0000ff</color></LineStyle><PolyStyle><fill>0</fill></PolyStyle></Style>
	<ExtendedData><SchemaData schemaUrl="#electoral_areas">
		<SimpleData name="Id">0</SimpleData>
		<SimpleData name="CAPTION">AYAWASO</SimpleData>
		<SimpleData name="Area_SQKM">3.73626872911</SimpleData>
		<SimpleData name="Area_Ha">1297.10728687000</SimpleData>
		<SimpleData name="area_1">3205.22190927000</SimpleData>
	</SchemaData></ExtendedData>
      <MultiGeometry><Polygon><outerBoundaryIs><LinearRing><coordinates>-0.273049414585556,5.67789857834052 -0.272925148074317,5.67745841173336 -0.272700231102462,5.67635241308798 -0.272907308007743,5.67628936487014 -0.273179135792724,5.67619511593478 -0.273625427632804,5.67604615219398 -0.274052304797126,5.67599044883351 -0.274052944086751,5.67599036541213 -0.274582119722614,5.67602369760259 -0.274646304887803,5.67602772553846 -0.274941090991396,5.67608570591845 -0.275060627763093,5.67620761410725 -0.275377763334926,5.67605453779031 -0.275701088499258,5.67597225848342 -0.275829440541707,5.67587341445949 -0.276287868488309,5.67577050065416 -0.27617893963675,5.67456197335557 -0.276178137736691,5.67455513481368 -0.276154873975899,5.67440214721641 -0.276045964712598,5.67399666903744 -0.276000179275263,5.67379317817512 -0.27596365455814,5.6735232283266 -0.276250653070251,5.67350970531513 -0.276456660536108,5.67349999850056 -0.276704746895858,5.67344797564951 -0.277017274781031,5.67337848522628 -0.277480780568164,5.67328679889386 -0.27729423082477,5.67255170410158 -0.279439976564006,5.67212955276247 -0.28039654693288,5.67192729745212 -0.28114236841237,5.67180308150578 -0.282460142218902,5.67158360491764 -0.284718942339265,5.67118708342622 -0.285949599566261,5.67118755934795 -0.287750083512897,5.67236759863643 -0.288835885700936,5.67307923095321 -0.289597313254617,5.67166583113933 -0.289811464771941,5.6713327066522 -0.290520544120615,5.67089964475924 -0.291039266643762,5.67047134176865 -0.292153281401922,5.66926159870325 -0.292454930842921,5.66891555903062 -0.294472574505579,5.6666005520908 -0.294489181825392,5.66658149702953 -0.296749703321093,5.66822943395478 -0.296751664777895,5.66823086386525 -0.297034455665294,5.66839648989702 -0.297505588933064,5.66868202522962 -0.297869170588475,5.66823230711799 -0.298852244878704,5.66884620808202 -0.298886509117325,5.66883835586203 -0.299034987492035,5.66858708478838 -0.299185369435698,5.66832819943961 -0.299255801484101,5.66824253884683 -0.299377629888361,5.66820637104417 -0.299488036878388,5.66821398532287 -0.299889689887264,5.66843479931484 -0.300348449958604,5.66869939539043 -0.30093725600654,5.66908567123628 -0.300507462517216,5.66950663359103 -0.299660621267344,5.67097180496778 -0.298012043019033,5.67233353477298 -0.297382455658366,5.67304809708044 -0.297027098971225,5.67356226996685 -0.296568541741948,5.67419832141674 -0.296095189799481,5.67489415442714 -0.295517821379144,5.67549166652345 -0.295003948528104,5.67595634427488 -0.294674884988615,5.67630983132019 -0.294274230503738,5.67679071511338 -0.293905177265166,5.67742004532376 -0.293581188500722,5.67766445833052 -0.293308725860231,5.67791978115087 -0.29325589089377,5.67820607797049 -0.29312716443569,5.67911833077481 -0.29313791008877,5.67932841848646 -0.293099777888193,5.67949118681679 -0.292920948101871,5.67970818447204 -0.292699511687807,5.68000711736336 -0.292305877896849,5.68055520586695 -0.291860039742508,5.68104481962623 -0.291231413886764,5.6815537414493 -0.29099677684807,5.68175560885999 -0.290820066248809,5.68178926345729 -0.290671744754573,5.68196842290652 -0.290581744921135,5.68226879273603 -0.290413569572307,5.68259694824491 -0.290323560045321,5.68286636774137 -0.290219775265183,5.68312981982326 -0.290102533463843,5.6834427757088 -0.28997480771287,5.68378909693089 -0.289914229073135,5.68389796294993 -0.289644007866094,5.68456186638703 -0.289523339851277,5.68477717963665 -0.289289031172986,5.68501178519593 -0.289118558860019,5.68516943612036 -0.288965964120099,5.68538055270682 -0.288862603214022,5.68546305976123 -0.288614578754694,5.68554838865191 -0.288226527742698,5.68566524463026 -0.28804174837503,5.68571859780066 -0.287690470811783,5.68586436272368 -0.287360750045704,5.68601078688213 -0.28705171243878,5.68615447682493 -0.286960783485196,5.6862747434127 -0.286899438138682,5.68650980863514 -0.286801817288958,5.68668463729749 -0.286698211325578,5.68685552634409 -0.286571640620822,5.68703932118424 -0.286498189864341,5.68728639871139 -0.286461025854251,5.68750347338918 -0.28652661326282,5.6876486150148 -0.286718851048768,5.68776417899487 -0.286820668825217,5.6878913869624 -0.286829664246486,5.68793875005724 -0.286867702615828,5.68813903140561 -0.287047184800418,5.68840540316693 -0.287341552163112,5.68858179474755 -0.287617931881079,5.68873999750003 -0.287857968269377,5.68894027224777 -0.287891850579179,5.68942320890743 -0.287738584548429,5.6899897511108 -0.287584952399318,5.69041331660416 -0.287342153599007,5.69100962925305 -0.287185297660344,5.69139326706742 -0.287102549732315,5.69161312314891 -0.285276464478089,5.69021074117899 -0.282708047415997,5.68822616294195 -0.280080263115402,5.68618152962641 -0.276726916316467,5.68363138667877 -0.275157994046172,5.68228509572146 -0.274244574079777,5.6811212137638 -0.273453978392754,5.67921674436044 -0.273065877587991,5.67800322282621 -0.273049414585556,5.67789857834052</coordinates></LinearRing></outerBoundaryIs></Polygon></MultiGeometry>
  </Placemark>
  <Placemark>
	<Style><LineStyle><color>ff0000ff</color></LineStyle><PolyStyle><fill>0</fill></PolyStyle></Style>
	<ExtendedData><SchemaData schemaUrl="#electoral_areas">
		<SimpleData name="Id">0</SimpleData>
		<SimpleData name="CAPTION">AFIAMAN</SimpleData>
		<SimpleData name="Area_SQKM">5.27065653835</SimpleData>
		<SimpleData name="Area_Ha">779.12236862900</SimpleData>
		<SimpleData name="area_1">1925.25330110000</SimpleData>
	</SchemaData></ExtendedData>
      <MultiGeometry><Polygon><outerBoundaryIs><LinearRing><coordinates>-0.284645443612412,5.72774533917606 -0.284090288301172,5.72539483561183 -0.283620708496961,5.72304896625187 -0.283770895606338,5.72180162447674 -0.282909381186455,5.72112616250151 -0.28194941983875,5.72048348355007 -0.280618995884153,5.71941900609083 -0.281085041659205,5.71867117938712 -0.281848532654058,5.71772801040805 -0.282446346446515,5.71699206100679 -0.282842647874636,5.71647033527378 -0.283044530860212,5.71617721296834 -0.283348556142831,5.71548290611071 -0.283833149629879,5.7144595115792 -0.284787568993183,5.71250589339521 -0.285415872262166,5.71137558464073 -0.285718606348131,5.71095382872442 -0.286126846933818,5.71050040005912 -0.286049740994951,5.7104599393623 -0.286003834504345,5.71031353160684 -0.285974466343334,5.71021417108927 -0.285953738140611,5.71012107824007 -0.285957468200348,5.71003753844572 -0.285976142243111,5.70996910958666 -0.286004684517934,5.70993080801634 -0.286040503618672,5.70987617270908 -0.286043104325906,5.70983075816034 -0.285986597194738,5.70966552008054 -0.285947056755221,5.70944537178564 -0.285942947225535,5.70930429010515 -0.285967918991338,5.70915686360691 -0.285975057374295,5.70889274343531 -0.285929847615261,5.7083859182411 -0.285956602364852,5.70813977495886 -0.285989334140372,5.70783864220965 -0.285948057045721,5.70733176782481 -0.285918525387359,5.70696912607236 -0.285908214500807,5.7063240140905 -0.285767524331708,5.70573176331897 -0.285471848570288,5.7049093797527 -0.285355702490799,5.70461349216202 -0.285120830873249,5.70423375878586 -0.285070092910552,5.70409051320319 -0.284965822168344,5.70379613152023 -0.284886458371885,5.70310011293807 -0.284835295552627,5.70265141721696 -0.284582409216602,5.70201536992017 -0.284157149165946,5.7009857945129 -0.284133354555846,5.70010539394069 -0.283871613845269,5.69929637719875 -0.283677531864373,5.69889089641981 -0.283684157148622,5.69882800847075 -0.28371123254037,5.69865360184446 -0.283666344806081,5.6985553638475 -0.283650075898702,5.69846204267134 -0.28355248797199,5.69840420097865 -0.283579520335726,5.69828801763425 -0.283579020297979,5.69828361621506 -0.283600490836213,5.69827010047754 -0.283700403733218,5.69819670493953 -0.283762594849836,5.69814618437136 -0.283786713849083,5.69812320060713 -0.28382030422418,5.69808879352032 -0.283870375137986,5.69803750525514 -0.283911220232235,5.69799566704742 -0.283945409171204,5.69792623241289 -0.283963934377795,5.69788860936739 -0.2839866067783,5.69784256385526 -0.284005830243943,5.69780352259455 -0.284041222881032,5.69774534125819 -0.28405970477379,5.69771495927839 -0.284085606688071,5.69767237950156 -0.284114616316705,5.69762287964471 -0.284143474008792,5.6975708315402 -0.284160632266635,5.69753988468783 -0.284210379444025,5.69745015991056 -0.284226845736513,5.69741324513585 -0.284252496994009,5.69735573927016 -0.284274774644824,5.69730579653683 -0.284297580821051,5.69722646366038 -0.284328103557755,5.69712781862459 -0.284354261731451,5.69704327914199 -0.284371229148137,5.69698892912133 -0.284391463011509,5.69692427039599 -0.284411881531362,5.69685902125979 -0.284434110855166,5.69678798581651 -0.284454655692918,5.69673283558937 -0.284474199453499,5.69668650385928 -0.284493029835515,5.69664186320345 -0.284513717478443,5.69659281988065 -0.284532761293474,5.69654767309105 -0.284547589258482,5.69651252109521 -0.284569549750189,5.69647270447589 -0.284597447328795,5.69642664491742 -0.284629838029456,5.69637362422491 -0.284658250083687,5.69632711628571 -0.284689518904384,5.69627593193562 -0.284722070491054,5.69621236729633 -0.284769591880261,5.69612710853827 -0.284809717993366,5.69605511779418 -0.284834269169837,5.6960044515616 -0.284866949526427,5.69593700904799 -0.284905979785763,5.6958564622544 -0.284931411520461,5.69580310780645 -0.284954374951953,5.69575493158108 -0.284986553201972,5.69568742296552 -0.285013287143892,5.69564166897168 -0.285042082364492,5.69559514246779 -0.285072200325305,5.69554699512068 -0.285107542867359,5.69549113023446 -0.285147653075339,5.6954277294279 -0.285180854885081,5.69537504769675 -0.285218333743041,5.69531557976358 -0.285246298696953,5.69527258166253 -0.285294926053478,5.69520266986704 -0.285331837583154,5.69514973413588 -0.285351431336766,5.69511967107968 -0.28538380237608,5.69506880407461 -0.285415942931076,5.69501829922937 -0.285438745083681,5.69496438256446 -0.285449134430829,5.69494694564478 -0.28547419301802,5.69490488830694 -0.285494853943749,5.69486770519485 -0.285509242077146,5.69484029313007 -0.285523925359743,5.69481231874656 -0.285535734673441,5.69478881227809 -0.285539035813846,5.69478224134927 -0.285549020665407,5.69475766082339 -0.285562353845285,5.69473057330594 -0.285576323534865,5.69470219265927 -0.285604595815397,5.69464475503258 -0.285623977051654,5.69458740940705 -0.285788409392539,5.69434959735734 -0.286152714208452,5.69399619615973 -0.286393012997381,5.69350737058563 -0.286595429539011,5.69330637374141 -0.286890231354396,5.69311426811261 -0.287127108140448,5.69286811150982 -0.287220714541318,5.69284095286338 -0.287303204800089,5.69271077067611 -0.287250977324812,5.69247979299324 -0.287115991145712,5.69216026421811 -0.287006558297647,5.69192948353426 -0.287102549732315,5.69161312314891 -0.287876103791198,5.69220825320716 -0.288096203968287,5.69244025061899 -0.288101373929987,5.69244586142932 -0.288887797124243,5.69329934263004 -0.289087249385521,5.69352861606584 -0.289787932674766,5.69448674411954 -0.290297205419012,5.69549190932575 -0.291024118358826,5.69681881403341 -0.291695138676971,5.69785352435782 -0.292539133483878,5.69872476406453 -0.291567702258477,5.69958117924026 -0.291515965310356,5.69960337998405 -0.29119711756093,5.69928988607341 -0.290369065133856,5.70016790716892 -0.290300060708585,5.70030829533045 -0.289736128446017,5.70075801351402 -0.290012145958097,5.70117679859297 -0.29039285971264,5.70141474467879 -0.291604005401563,5.70195012344246 -0.29288177591396,5.70249739944475 -0.294204756272839,5.7030137425462 -0.295963177869375,5.70377754946438 -0.296484279887389,5.70394887072678 -0.296795989311203,5.70400359830802 -0.29711483706058,5.70396076796519 -0.297540760567179,5.70457228947987 -0.298473509236744,5.70622601483027 -0.298961284014531,5.70697746738721 -0.29823054533049,5.71088100453191 -0.297595229237161,5.71437881225557 -0.29758926131744,5.71441152550557 -0.29730612472929,5.71596353327896 -0.296874252559918,5.71839772189899 -0.296688989485974,5.72084226676796 -0.296604196487313,5.72164700000569 -0.296295329685465,5.72246668712953 -0.299668291607954,5.72308423262741 -0.299534413407673,5.72379749847083 -0.300187575416969,5.72392242023106 -0.300609713561651,5.72396421000014 -0.300794516443887,5.72424472157078 -0.300769063920872,5.72471067023953 -0.300347057949844,5.72469203691117 -0.30022330694073,5.72485790685484 -0.300169396204679,5.7250141186395 -0.300045394886238,5.7252332522526 -0.299883705370531,5.7253715470245 -0.299755077738146,5.72548156351072 -0.299544071189131,5.72548587892387 -0.299093623344267,5.72549509102194 -0.298299473140011,5.72559280183478 -0.297639529654446,5.72567223617425 -0.297136423914674,5.72576716607265 -0.296956148417786,5.7259749035547 -0.296741057732779,5.72644442691209 -0.29611354347171,5.72632341678317 -0.295873017775172,5.72683448391018 -0.295168102425068,5.7266143837367 -0.294991175874137,5.72702441946579 -0.294121758172917,5.72685632378836 -0.293927773052059,5.72958009357887 -0.293586339726101,5.73010320137095 -0.293589411206126,5.73149351502057 -0.2920044694566,5.73206232236453 -0.291306402564478,5.73234880682417 -0.29079294752573,5.73269259572962 -0.290154204035035,5.7328227325238 -0.289668908035215,5.73283375022443 -0.289125140822232,5.73255819401951 -0.288425021636028,5.73199563496551 -0.288131208311762,5.73149832116787 -0.287782809466028,5.73121805114623 -0.287786477073097,5.73081826091413 -0.287096620857158,5.73051205067968 -0.286817730510949,5.7304508064953 -0.28576139006078,5.72967965452679 -0.284645443612412,5.72774533917606</coordinates></LinearRing></outerBoundaryIs></Polygon></MultiGeometry>
  </Placemark>
  <Placemark>
	<Style><LineStyle><color>ff0000ff</color></LineStyle><PolyStyle><fill>0</fill></PolyStyle></Style>
	<ExtendedData><SchemaData schemaUrl="#electoral_areas">
		<SimpleData name="Id">0</SimpleData>
		<SimpleData name="CAPTION">AMANFROM</SimpleData>
		<SimpleData name="Area_SQKM">3.88932813655</SimpleData>
		<SimpleData name="Area_Ha">968.11480209800</SimpleData>
		<SimpleData name="area_1">2392.26377476000</SimpleData>
	</SchemaData></ExtendedData>
      <MultiGeometry><Polygon><outerBoundaryIs><LinearRing><coordinates>-0.314214238024075,5.67964281675999 -0.313750607508144,5.68014201612865 -0.313675892330018,5.68019522565353 -0.313327090762873,5.68062612413597 -0.312818652617622,5.68063631060414 -0.31274776213372,5.6809970125943 -0.312569415049531,5.68129198626105 -0.312163281853067,5.68151040354777 -0.311572237699332,5.68171055428803 -0.311008942561073,5.68177433965419 -0.310731370644509,5.68179695604066 -0.31062646426001,5.68190107076759 -0.31057828503698,5.68199648373503 -0.31061931795709,5.68215507438228 -0.310010460984258,5.68251075807409 -0.309998207788856,5.68270795305561 -0.309921064289434,5.6833866188363 -0.309822604492799,5.6845433719187 -0.309744071724226,5.68526387229289 -0.309314752721454,5.68519731506198 -0.309039668705744,5.68519788508164 -0.308880938638978,5.68596941576417 -0.308815314219033,5.68673659873894 -0.30812135579241,5.68690490701931 -0.306985198083731,5.68733791114193 -0.305972375669954,5.68781119879345 -0.305211855797397,5.68813520218269 -0.304399392118201,5.68848492870857 -0.303972131579941,5.68871024287127 -0.303795737321688,5.68799157367128 -0.303625681702606,5.687159177878 -0.303572739071808,5.68676997477655 -0.303498144711233,5.68638707861192 -0.303462465757034,5.68636061168708 -0.302848421154635,5.68649641424731 -0.302048073223046,5.68671167949879 -0.301778516400766,5.68678118977131 -0.301817508326083,5.68701855126187 -0.301402685614413,5.68711965906587 -0.301280363967049,5.68711908672032 -0.301124554291676,5.68662224239267 -0.301139877014122,5.6862637281602 -0.301056829048373,5.68614266819256 -0.300617222124818,5.68621604266533 -0.300235242662311,5.68623529510257 -0.299879816529497,5.68629292619902 -0.299167293018728,5.68641271315481 -0.298462424177482,5.68650242174274 -0.298352070923275,5.68655492985275 -0.297824031207639,5.68661857224442 -0.297149228579588,5.68671910909085 -0.296224706719796,5.6868643415024 -0.295515090285367,5.68696131651583 -0.294809645339602,5.68708470859587 -0.294919045185135,5.68749809158058 -0.295014993756722,5.68783282951578 -0.29525777817152,5.68823145629008 -0.295554320784703,5.68861838072984 -0.295764734803323,5.68892121952033 -0.295897914497981,5.68915196889952 -0.295649812786601,5.68927800142186 -0.29527394996583,5.6894182580326 -0.295088979895599,5.68946759923407 -0.295013668524503,5.6895202283353 -0.294508808400241,5.68965832493078 -0.294207158373859,5.68972564769141 -0.294011830340511,5.6893870158478 -0.293739827562248,5.68885675196073 -0.29350564527769,5.68853288098307 -0.293389541314744,5.68845331670259 -0.292992877744997,5.68834625501815 -0.292627804845474,5.68821841546747 -0.292193145945582,5.68822582421742 -0.291978338438046,5.68822481548263 -0.29173082306444,5.68832765713855 -0.291016329959576,5.68876183511294 -0.290534577839135,5.68918993280811 -0.29019271882089,5.68956130584046 -0.289515087568893,5.69026759152281 -0.288788753917656,5.69120083456953 -0.287876103791198,5.69220825320716 -0.287102549732315,5.69161312314891 -0.287185297660344,5.69139326706742 -0.287342153599007,5.69100962925305 -0.287584952399318,5.69041331660416 -0.287738584548429,5.6899897511108 -0.287891850579179,5.68942320890743 -0.287857968269377,5.68894027224777 -0.287617931881079,5.68873999750003 -0.287341552163112,5.68858179474755 -0.287047184800418,5.68840540316693 -0.286867702615828,5.68813903140561 -0.286829664246486,5.68793875005724 -0.286820668825217,5.6878913869624 -0.286718851048768,5.68776417899487 -0.28652661326282,5.6876486150148 -0.286461025854251,5.68750347338918 -0.286498189864341,5.68728639871139 -0.286571640620822,5.68703932118424 -0.286698211325578,5.68685552634409 -0.286801817288958,5.68668463729749 -0.286899438138682,5.68650980863514 -0.286960783485196,5.6862747434127 -0.28705171243878,5.68615447682493 -0.287360750045704,5.68601078688213 -0.287690470811783,5.68586436272368 -0.28804174837503,5.68571859780066 -0.288226527742698,5.68566524463026 -0.288614578754694,5.68554838865191 -0.288862603214022,5.68546305976123 -0.288965964120099,5.68538055270682 -0.289118558860019,5.68516943612036 -0.289289031172986,5.68501178519593 -0.289523339851277,5.68477717963665 -0.289644007866094,5.68456186638703 -0.28979487457604,5.68419120400132 -0.289909137339021,5.68388048396412 -0.289929575690939,5.68387038351289 -0.28997480771287,5.68378909693089 -0.290102533463843,5.6834427757088 -0.290219775265183,5.68312981982326 -0.290323560045321,5.68286636774137 -0.290413569572307,5.68259694824491 -0.290581744921135,5.68226879273603 -0.290671744754573,5.68196842290652 -0.290820066248809,5.68178926345729 -0.290834188829396,5.68178657380906 -0.290836756480578,5.68178347230803 -0.291000676742157,5.68175225363125 -0.291013467079366,5.68174981770431 -0.291248104112152,5.68154795028286 -0.291876729953135,5.6810390284315 -0.292322568092694,5.68054941465037 -0.292716201866704,5.68000132612591 -0.292937638271542,5.679702393223 -0.293116468051241,5.67948539555867 -0.293154600246492,5.67932262722479 -0.293143854586315,5.67911253951064 -0.293272581014236,5.67820028668928 -0.293325415971278,5.67791398986389 -0.293597878604211,5.67765866703078 -0.293921867361652,5.67741425400976 -0.294290920580467,5.67678492377813 -0.294691575050689,5.6763040399648 -0.295020638579534,5.67595055290346 -0.295534511416886,5.67548587512827 -0.296111879819314,5.67488836300424 -0.296585231740194,5.67419252996825 -0.297043788949822,5.67355647849404 -0.297399145621006,5.67304230558852 -0.298028732960061,5.67232774324995 -0.299677311168817,5.67096601337038 -0.300524152372686,5.6695008419448 -0.301612826122104,5.6684345375176 -0.302038791509351,5.6679726877757 -0.302510623758596,5.66753549237369 -0.308388586975109,5.67205790041765 -0.309778192259309,5.67315245242559 -0.310770427528468,5.67480617787429 -0.311553270203536,5.67630095527765 -0.312167171130878,5.67735933948637 -0.312585956210007,5.67817787408414 -0.312951005249893,5.67872871934725 -0.313188951335555,5.67898451134159 -0.313735235893919,5.67933667160094 -0.314214238024075,5.67964281675999</coordinates></LinearRing></outerBoundaryIs></Polygon></MultiGeometry>
  </Placemark>
</Folder>
</Document></kml>
